professionalization_metric,outcome_metric,correlation,city
host_is_professional,occupancy_rate,-0.04759644806490369,Albany
host_is_professional,price_clean,-0.08536105479105865,Albany
host_is_professional,log_price,-0.16114851766219832,Albany
host_is_professional,est_annual_revenue,-0.10516959631746259,Albany
host_is_professional,revenue_per_accommodates,-0.062564244431762,Albany
host_listings_in_city,occupancy_rate,-0.02396035100148156,Albany
host_listings_in_city,price_clean,0.0006272707320467638,Albany
host_listings_in_city,log_price,-0.07956607246867721,Albany
host_listings_in_city,est_annual_revenue,-0.008589097633592892,Albany
host_listings_in_city,revenue_per_accommodates,-0.013335643618478181,Albany
host_is_professional,occupancy_rate,-0.05775152131497007,Asheville
host_is_professional,price_clean,0.0945365870372341,Asheville
host_is_professional,log_price,0.11652674764539978,Asheville
host_is_professional,est_annual_revenue,0.02359613826788068,Asheville
host_is_professional,revenue_per_accommodates,-0.042731533765043454,Asheville
host_listings_in_city,occupancy_rate,-0.10779102154790797,Asheville
host_listings_in_city,price_clean,0.065184532791382,Asheville
host_listings_in_city,log_price,0.16422707897480404,Asheville
host_listings_in_city,est_annual_revenue,-0.010684830833462285,Asheville
host_listings_in_city,revenue_per_accommodates,-0.0758172699456298,Asheville
host_is_professional,occupancy_rate,0.05005650875784198,Austin
host_is_professional,price_clean,0.04313300107577737,Austin
host_is_professional,log_price,-0.06175646744055779,Austin
host_is_professional,est_annual_revenue,0.024236731889608707,Austin
host_is_professional,revenue_per_accommodates,0.015352565543683574,Austin
host_listings_in_city,occupancy_rate,-0.0961813277526202,Austin
host_listings_in_city,price_clean,0.20964267096365932,Austin
host_listings_in_city,log_price,0.03138258198684791,Austin
host_listings_in_city,est_annual_revenue,0.04533482253885363,Austin
host_listings_in_city,revenue_per_accommodates,0.05608100481310287,Austin
host_is_professional,occupancy_rate,-0.16757560406003977,Bozeman
host_is_professional,price_clean,0.07603653090090769,Bozeman
host_is_professional,log_price,0.056437094254160804,Bozeman
host_is_professional,est_annual_revenue,-0.13686871846880833,Bozeman
host_is_professional,revenue_per_accommodates,-0.14322423033784581,Bozeman
host_listings_in_city,occupancy_rate,-0.30650269601556707,Bozeman
host_listings_in_city,price_clean,0.18951485094679163,Bozeman
host_listings_in_city,log_price,0.20362220752392737,Bozeman
host_listings_in_city,est_annual_revenue,-0.15002097443596432,Bozeman
host_listings_in_city,revenue_per_accommodates,-0.2055373231063771,Bozeman
host_is_professional,occupancy_rate,-0.006901373197853382,Cambridge
host_is_professional,price_clean,0.07828366831016247,Cambridge
host_is_professional,log_price,-0.017427648129300567,Cambridge
host_is_professional,est_annual_revenue,-0.013482088332223351,Cambridge
host_is_professional,revenue_per_accommodates,0.015351879593292992,Cambridge
host_listings_in_city,occupancy_rate,-0.33664679003294057,Cambridge
host_listings_in_city,price_clean,-0.02255426271479032,Cambridge
host_listings_in_city,log_price,0.09825545906024352,Cambridge
host_listings_in_city,est_annual_revenue,-0.08766338783662084,Cambridge
host_listings_in_city,revenue_per_accommodates,-0.061994094274522085,Cambridge
host_is_professional,occupancy_rate,-0.14496631084541825,Chicago
host_is_professional,price_clean,0.060168281007939625,Chicago
host_is_professional,log_price,0.035816196293195775,Chicago
host_is_professional,est_annual_revenue,0.006812773016425081,Chicago
host_is_professional,revenue_per_accommodates,0.01072450183494687,Chicago
host_listings_in_city,occupancy_rate,-0.2860725653802445,Chicago
host_listings_in_city,price_clean,-0.012955213099094021,Chicago
host_listings_in_city,log_price,0.19360549803677088,Chicago
host_listings_in_city,est_annual_revenue,-0.030797480762661252,Chicago
host_listings_in_city,revenue_per_accommodates,-0.01692151004516812,Chicago
host_is_professional,occupancy_rate,-0.06345527466717879,Columbus
host_is_professional,price_clean,0.028477181203737587,Columbus
host_is_professional,log_price,-0.1468771019984612,Columbus
host_is_professional,est_annual_revenue,-0.021204342460232672,Columbus
host_is_professional,revenue_per_accommodates,0.011330165586695038,Columbus
host_listings_in_city,occupancy_rate,0.0038768185483364867,Columbus
host_listings_in_city,price_clean,0.023545433607456052,Columbus
host_listings_in_city,log_price,-0.05745117363318924,Columbus
host_listings_in_city,est_annual_revenue,-0.0025811845404407167,Columbus
host_listings_in_city,revenue_per_accommodates,0.013274221161312123,Columbus
host_is_professional,occupancy_rate,0.07935336415033653,Dallas
host_is_professional,price_clean,0.04051893338812266,Dallas
host_is_professional,log_price,-0.08810507962745448,Dallas
host_is_professional,est_annual_revenue,0.024091215512188003,Dallas
host_is_professional,revenue_per_accommodates,0.031153591927848168,Dallas
host_listings_in_city,occupancy_rate,-0.021597198309546223,Dallas
host_listings_in_city,price_clean,0.030409691605713426,Dallas
host_listings_in_city,log_price,0.03397273115936215,Dallas
host_listings_in_city,est_annual_revenue,0.03078935614140823,Dallas
host_listings_in_city,revenue_per_accommodates,0.055728269992248405,Dallas
host_is_professional,occupancy_rate,-0.13137568854410295,Denver
host_is_professional,price_clean,-0.041810960482018024,Denver
host_is_professional,log_price,-0.11775374311934586,Denver
host_is_professional,est_annual_revenue,-0.10548594562185476,Denver
host_is_professional,revenue_per_accommodates,-0.07346400984264134,Denver
host_listings_in_city,occupancy_rate,-0.10063594296682342,Denver
host_listings_in_city,price_clean,-0.025089252069516423,Denver
host_listings_in_city,log_price,-0.04146420180516476,Denver
host_listings_in_city,est_annual_revenue,-0.07150042172503462,Denver
host_listings_in_city,revenue_per_accommodates,-0.07004355329585868,Denver
host_is_professional,occupancy_rate,-0.21864080679504952,Hawaii
host_is_professional,price_clean,0.0630855512797473,Hawaii
host_is_professional,log_price,0.09365183645581984,Hawaii
host_is_professional,est_annual_revenue,-0.11902694476736696,Hawaii
host_is_professional,revenue_per_accommodates,-0.10141249710247906,Hawaii
host_listings_in_city,occupancy_rate,-0.316963999686106,Hawaii
host_listings_in_city,price_clean,0.07972563061681005,Hawaii
host_listings_in_city,log_price,0.2673927971495396,Hawaii
host_listings_in_city,est_annual_revenue,-0.13591246208305718,Hawaii
host_listings_in_city,revenue_per_accommodates,-0.13729698981961458,Hawaii
host_is_professional,occupancy_rate,-0.008769743994369809,Jersey_City
host_is_professional,price_clean,-0.11372774526613164,Jersey_City
host_is_professional,log_price,-0.20020576757692987,Jersey_City
host_is_professional,est_annual_revenue,-0.09734567860616464,Jersey_City
host_is_professional,revenue_per_accommodates,-0.05084074374210474,Jersey_City
host_listings_in_city,occupancy_rate,-0.0892914958520643,Jersey_City
host_listings_in_city,price_clean,-0.18895409564873003,Jersey_City
host_listings_in_city,log_price,-0.3569755038283194,Jersey_City
host_listings_in_city,est_annual_revenue,-0.23876846523084094,Jersey_City
host_listings_in_city,revenue_per_accommodates,-0.16421556997189138,Jersey_City
host_is_professional,occupancy_rate,-0.050463900061091624,Los_Angeles
host_is_professional,price_clean,0.022926739731492847,Los_Angeles
host_is_professional,log_price,-0.0696422304437634,Los_Angeles
host_is_professional,est_annual_revenue,-0.007514831911469159,Los_Angeles
host_is_professional,revenue_per_accommodates,-0.005075926879377906,Los_Angeles
host_listings_in_city,occupancy_rate,-0.14452589801498272,Los_Angeles
host_listings_in_city,price_clean,0.025297402402817342,Los_Angeles
host_listings_in_city,log_price,-0.0022579395042733146,Los_Angeles
host_listings_in_city,est_annual_revenue,-0.02045909437410099,Los_Angeles
host_listings_in_city,revenue_per_accommodates,-0.014040845688559664,Los_Angeles
host_is_professional,occupancy_rate,-0.1143413424361536,Nashville
host_is_professional,price_clean,0.02657883824555021,Nashville
host_is_professional,log_price,0.07767817240720619,Nashville
host_is_professional,est_annual_revenue,0.005658697260840736,Nashville
host_is_professional,revenue_per_accommodates,-0.010359174154029668,Nashville
host_listings_in_city,occupancy_rate,-0.08010761743814028,Nashville
host_listings_in_city,price_clean,0.009736770569630715,Nashville
host_listings_in_city,log_price,0.06282587174988948,Nashville
host_listings_in_city,est_annual_revenue,-0.009181294800169507,Nashville
host_listings_in_city,revenue_per_accommodates,-0.016388455633245057,Nashville
host_is_professional,occupancy_rate,-0.007298958543975168,New_Orleans
host_is_professional,price_clean,0.0588833149616941,New_Orleans
host_is_professional,log_price,0.051742142581546975,New_Orleans
host_is_professional,est_annual_revenue,0.02074735512931077,New_Orleans
host_is_professional,revenue_per_accommodates,0.010016893105588539,New_Orleans
host_listings_in_city,occupancy_rate,0.0029790379697383434,New_Orleans
host_listings_in_city,price_clean,0.12192732969515127,New_Orleans
host_listings_in_city,log_price,0.028410543855787406,New_Orleans
host_listings_in_city,est_annual_revenue,0.04751530973208843,New_Orleans
host_listings_in_city,revenue_per_accommodates,0.03856008438185103,New_Orleans
host_is_professional,occupancy_rate,-0.07635447455036151,New_York
host_is_professional,price_clean,0.07727578995773135,New_York
host_is_professional,log_price,0.023296259073491976,New_York
host_is_professional,est_annual_revenue,0.003732201820259307,New_York
host_is_professional,revenue_per_accommodates,0.005576322070407875,New_York
host_listings_in_city,occupancy_rate,-0.2118263058036013,New_York
host_listings_in_city,price_clean,0.0058050968880455555,New_York
host_listings_in_city,log_price,0.18157251545807532,New_York
host_listings_in_city,est_annual_revenue,-0.023975128527060078,New_York
host_listings_in_city,revenue_per_accommodates,-0.01802083379944926,New_York
host_is_professional,occupancy_rate,0.019705075008023213,Oakland
host_is_professional,price_clean,0.040920974000388174,Oakland
host_is_professional,log_price,-0.09100062881348421,Oakland
host_is_professional,est_annual_revenue,-0.002359857866348307,Oakland
host_is_professional,revenue_per_accommodates,0.00344862169187451,Oakland
host_listings_in_city,occupancy_rate,-0.09982628894897458,Oakland
host_listings_in_city,price_clean,0.06307463994859329,Oakland
host_listings_in_city,log_price,0.013119140336140575,Oakland
host_listings_in_city,est_annual_revenue,-0.09684564465766064,Oakland
host_listings_in_city,revenue_per_accommodates,-0.07206916604261675,Oakland
host_is_professional,occupancy_rate,-0.1125144794492365,Oregon
host_is_professional,price_clean,0.10550472195145262,Oregon
host_is_professional,log_price,0.16006389768069504,Oregon
host_is_professional,est_annual_revenue,0.03557768056768497,Oregon
host_is_professional,revenue_per_accommodates,0.03168642334363434,Oregon
host_listings_in_city,occupancy_rate,-0.021248720025979995,Oregon
host_listings_in_city,price_clean,0.1537119294405431,Oregon
host_listings_in_city,log_price,0.22838634288416404,Oregon
host_listings_in_city,est_annual_revenue,0.06327627002890938,Oregon
host_listings_in_city,revenue_per_accommodates,0.05480705653231174,Oregon
host_is_professional,occupancy_rate,,Paris
host_is_professional,price_clean,,Paris
host_is_professional,log_price,,Paris
host_is_professional,est_annual_revenue,,Paris
host_is_professional,revenue_per_accommodates,,Paris
host_listings_in_city,occupancy_rate,,Paris
host_listings_in_city,price_clean,,Paris
host_listings_in_city,log_price,,Paris
host_listings_in_city,est_annual_revenue,,Paris
host_listings_in_city,revenue_per_accommodates,,Paris
host_is_professional,occupancy_rate,-0.07334489381330499,Rhode_Island
host_is_professional,price_clean,0.0876169765347574,Rhode_Island
host_is_professional,log_price,0.002080295399041756,Rhode_Island
host_is_professional,est_annual_revenue,-0.026327505359416567,Rhode_Island
host_is_professional,revenue_per_accommodates,-0.003613140963760023,Rhode_Island
host_listings_in_city,occupancy_rate,-0.22529161503768272,Rhode_Island
host_listings_in_city,price_clean,0.02571434958816364,Rhode_Island
host_listings_in_city,log_price,0.13795110230874671,Rhode_Island
host_listings_in_city,est_annual_revenue,-0.07198176295535232,Rhode_Island
host_listings_in_city,revenue_per_accommodates,-0.058808359222653595,Rhode_Island
host_is_professional,occupancy_rate,-0.22410702451776787,San_Francisco
host_is_professional,price_clean,0.031004953720462067,San_Francisco
host_is_professional,log_price,-0.11836033689776627,San_Francisco
host_is_professional,est_annual_revenue,-0.0842490438425693,San_Francisco
host_is_professional,revenue_per_accommodates,-0.068490876390315,San_Francisco
host_listings_in_city,occupancy_rate,-0.31300618226218957,San_Francisco
host_listings_in_city,price_clean,0.030099355901665636,San_Francisco
host_listings_in_city,log_price,0.16575421803564683,San_Francisco
host_listings_in_city,est_annual_revenue,-0.07718307881840773,San_Francisco
host_listings_in_city,revenue_per_accommodates,-0.08928194621542791,San_Francisco
host_is_professional,occupancy_rate,-0.13690778533803216,Seattle
host_is_professional,price_clean,0.06595280620428927,Seattle
host_is_professional,log_price,0.012528011466651404,Seattle
host_is_professional,est_annual_revenue,-0.04663566619326706,Seattle
host_is_professional,revenue_per_accommodates,-0.02677077647739889,Seattle
host_listings_in_city,occupancy_rate,-0.27996369808015587,Seattle
host_listings_in_city,price_clean,-0.018129762720965833,Seattle
host_listings_in_city,log_price,0.009550867333319196,Seattle
host_listings_in_city,est_annual_revenue,-0.12763084179262815,Seattle
host_listings_in_city,revenue_per_accommodates,-0.07974366651237975,Seattle
host_is_professional,occupancy_rate,-0.170689381142137,Washington_DC
host_is_professional,price_clean,0.058579783075564495,Washington_DC
host_is_professional,log_price,0.02886618988073965,Washington_DC
host_is_professional,est_annual_revenue,-0.055315333646082675,Washington_DC
host_is_professional,revenue_per_accommodates,-0.0344178394328195,Washington_DC
host_listings_in_city,occupancy_rate,-0.12271998624783777,Washington_DC
host_listings_in_city,price_clean,0.02289423316657857,Washington_DC
host_listings_in_city,log_price,0.08286793662398632,Washington_DC
host_listings_in_city,est_annual_revenue,-0.029785826714316458,Washington_DC
host_listings_in_city,revenue_per_accommodates,-0.013312065851606138,Washington_DC
