variable_name,data_type,n_unique,n_missing,pct_missing,min,max,range,mean,median,std,precision,mode
id,continuous,2239.0,0,0.0,3083,1516904884509653502,1.5169048845096504e+18,5.714709808934317e+17,6.291253977363103e+17,5.734885120167997e+17,0.0,3083
listing_url,discrete_categorical,2239.0,0,0.0,https://www.airbnb.com/rooms/1001667540113196317,https://www.airbnb.com/rooms/999250010838223554,,,,,,https://www.airbnb.com/rooms/1001667540113196317
scrape_id,discrete_numeric,1.0,0,0.0,20250925032724,20250925032724,0.0,20250925032724.0,20250925032724.0,0.0,0.0,20250925032724
last_scraped,discrete_categorical,1.0,0,0.0,2025-09-25,2025-09-25,,,,,,2025-09-25
source,discrete_categorical,2.0,0,0.0,city scrape,previous scrape,,,,,,city scrape
name,discrete_categorical,2218.0,0,0.0,"""Cabin Feel"" Home near the 580",🌿 The L I L Y P A D 🌿| Tiny Living | Urban Oasis,,,,,,ArtHaus Chestnut - New Studio in West Oakland
description,discrete_categorical,2074.0,38,1.7,"""Bright, stylish, and effortlessly comfortable, th...","🌟 Minutes from San Francisco – Private, Spacious &...",,,,,,Keep it simple at this peaceful and centrally-loca...
neighborhood_overview,discrete_categorical,1084.0,1036,46.27,"""Temescal is a vibrant neighborhood leading the Oa...","🌆 The Neighborhood: • Walk to Grocery Outlet, Spro...",,,,,,We are centrally located in Downtown Oakland with ...
picture_url,discrete_categorical,2192.0,0,0.0,https://a0.muscache.com/pictures/00783a2b-499b-4c9...,https://a0.muscache.com/pictures/prohost-api/Hosti...,,,,,,https://a0.muscache.com/pictures/7df87ca3-74aa-481...
host_id,continuous,1483.0,0,0.0,2852,719905804,719902952.0,140638207.79812416,41486929.0,185953702.89286178,0.0,6722695
host_url,discrete_categorical,1483.0,0,0.0,https://www.airbnb.com/users/show/10000979,https://www.airbnb.com/users/show/997574,,,,,,https://www.airbnb.com/users/show/6722695
host_name,discrete_categorical,1024.0,23,1.03,A,Élan,,,,,,Elliot
host_since,discrete_categorical,1247.0,23,1.03,2008-09-09,2025-09-20,,,,,,2013-06-03
host_location,discrete_categorical,114.0,385,17.2,"Alameda, CA","West Coast, New Zealand",,,,,,"Oakland, CA"
host_about,discrete_categorical,909.0,869,38.81,My name is khidir have been living in oakland sinc...,"“Hey, I’m Aminah! Serial entrepreneur, avid travel...",,,,,,"I've spent most of my life between the Bay Area, S..."
host_response_time,discrete_categorical,4.0,428,19.12,a few days or more,within an hour,,,,,,within an hour
host_response_rate,discrete_categorical,34.0,428,19.12,0%,99%,,,,,,100%
host_acceptance_rate,discrete_categorical,79.0,317,14.16,0%,99%,,,,,,100%
host_is_superhost,discrete_categorical,2.0,51,2.28,f,t,,,,,,f
host_thumbnail_url,discrete_categorical,1432.0,23,1.03,https://a0.muscache.com/defaults/user_pic-50x50.pn...,https://z0.muscache.cn/im/pictures/user/ea5ec6f5-f...,,,,,,https://a0.muscache.com/defaults/user_pic-50x50.pn...
host_picture_url,discrete_categorical,1432.0,23,1.03,https://a0.muscache.com/defaults/user_pic-225x225....,https://z0.muscache.cn/im/pictures/user/ea5ec6f5-f...,,,,,,https://a0.muscache.com/defaults/user_pic-225x225....
host_neighbourhood,discrete_categorical,202.0,151,6.74,Adams Point,Zona Romántica,,,,,,Prescott
host_listings_count,continuous,34.0,23,1.03,1.0,750.0,749.0,10.571750902527075,2.0,59.27904167379611,1.0,1.0
host_total_listings_count,continuous,51.0,23,1.03,1.0,1448.0,1447.0,19.226083032490976,3.0,122.4691857543077,1.0,1.0
host_verifications,discrete_categorical,7.0,23,1.03,"['email', 'phone', 'work_email']",[],,,,,,"['email', 'phone']"
host_has_profile_pic,discrete_categorical,2.0,23,1.03,f,t,,,,,,t
host_identity_verified,discrete_categorical,2.0,23,1.03,f,t,,,,,,t
neighbourhood,discrete_categorical,1.0,1036,46.27,Neighborhood highlights,Neighborhood highlights,,,,,,Neighborhood highlights
neighbourhood_cleansed,discrete_categorical,122.0,0,0.0,Acorn-Acorn Industrial,Woodminster,,,,,,Prescott
neighbourhood_group_cleansed,empty,,2239,100.0,,,,,,,,
latitude,continuous,2072.0,0,0.0,37.7290436,37.86712,0.13807640000000276,37.80976164476452,37.810832880107554,0.026748789373215745,15.0,37.82909
longitude,continuous,2113.0,0,0.0,-122.3243,-122.12115888925992,0.20314111074007712,-122.23720886493498,-122.2471465934369,0.03888779160925212,14.0,-122.25522
property_type,discrete_categorical,42.0,0,0.0,Barn,Yurt,,,,,,Entire home
room_type,discrete_categorical,3.0,0,0.0,Entire home/apt,Shared room,,,,,,Entire home/apt
accommodates,discrete_numeric,16.0,0,0.0,1,16,15.0,3.443054935238946,2.0,2.4264414659694813,0.0,2
bathrooms,discrete_numeric,14.0,312,13.93,0.0,9.0,9.0,1.3157758173326415,1.0,0.7005043484800089,0.0,1.0
bathrooms_text,discrete_categorical,26.0,0,0.0,0 baths,Shared half-bath,,,,,,1 bath
bedrooms,discrete_numeric,12.0,73,3.26,0.0,19.0,19.0,1.569713758079409,1.0,1.1921555036225586,0.0,1.0
beds,discrete_numeric,15.0,317,14.16,0.0,20.0,20.0,1.918834547346514,1.0,1.5630657333991524,0.0,1.0
amenities,discrete_categorical,2169.0,0,0.0,"[""32 inch HDTV with premium cable"", ""Self check-in...",[],,,,,,"[""Self check-in"", ""Coffee maker"", ""Dryer"", ""Dedica..."
price,discrete_categorical,365.0,312,13.93,"$1,000.00",$99.00,,,,,,$90.00
minimum_nights,discrete_numeric,44.0,0,0.0,1,365,364.0,10.617239839213935,3.0,27.239963795646226,0.0,2
maximum_nights,continuous,104.0,0,0.0,1,1125,1124.0,360.3447967842787,360.0,386.14334240450853,0.0,365
minimum_minimum_nights,continuous,44.0,1,0.04,1.0,365.0,364.0,9.823949955317248,2.0,26.66236715315025,1.0,1.0
maximum_minimum_nights,continuous,54.0,1,0.04,1.0,366.0,365.0,13.577747989276139,3.0,39.77110397764057,1.0,2.0
minimum_maximum_nights,continuous,92.0,1,0.04,1.0,1125.0,1124.0,551.1130473637176,365.0,464.42986153910715,1.0,1125.0
maximum_maximum_nights,continuous,91.0,1,0.04,1.0,1125.0,1124.0,565.2457551385165,365.0,465.5815705687128,1.0,1125.0
minimum_nights_avg_ntm,continuous,147.0,0,0.0,1.0,365.0,364.0,10.833675748101832,3.0,27.58050140177111,1.0,2.0
maximum_nights_avg_ntm,continuous,119.0,0,0.0,1.0,1125.0,1124.0,557.9263510495757,365.0,463.297683129013,1.0,1125.0
calendar_updated,empty,,2239,100.0,,,,,,,,
has_availability,discrete_categorical,1.0,44,1.97,t,t,,,,,,t
availability_30,discrete_numeric,31.0,0,0.0,0,30,30.0,13.17865118356409,12.0,11.720808995375078,0.0,0
availability_60,continuous,61.0,0,0.0,0,60,60.0,31.14068780705672,35.0,23.309767398763125,0.0,0
availability_90,continuous,91.0,0,0.0,0,90,90.0,50.51228226887003,59.0,34.49664482420887,0.0,0
availability_365,continuous,345.0,0,0.0,0,365,365.0,197.15364001786511,209.0,127.20665170358822,0.0,0
calendar_last_scraped,discrete_categorical,1.0,0,0.0,2025-09-25,2025-09-25,,,,,,2025-09-25
number_of_reviews,continuous,319.0,0,0.0,0,969,969.0,57.29209468512729,15.0,102.52812550343204,0.0,0
number_of_reviews_ltm,continuous,87.0,0,0.0,0,161,161.0,8.8034836980795,2.0,14.976978652464238,0.0,0
number_of_reviews_l30d,discrete_numeric,12.0,0,0.0,0,11,11.0,0.6511835640911121,0.0,1.360848964171442,0.0,0
availability_eoy,continuous,99.0,0,0.0,0,98,98.0,55.00223313979455,65.0,37.00769784929471,0.0,0
number_of_reviews_ly,continuous,87.0,0,0.0,0,164,164.0,8.306833407771327,1.0,15.348588869080306,0.0,0
estimated_occupancy_l365d,continuous,83.0,0,0.0,0,255,255.0,62.55381866904868,28.0,79.70565058365953,0.0,0
estimated_revenue_l365d,continuous,958.0,312,13.93,0.0,240000.0,240000.0,8756.966787752985,3366.0,13486.844681506152,1.0,0.0
first_review,discrete_categorical,1394.0,373,16.66,2009-07-14,2025-09-22,,,,,,2024-11-30
last_review,discrete_categorical,593.0,373,16.66,2012-12-29,2025-09-24,,,,,,2025-09-21
review_scores_rating,continuous,96.0,373,16.66,1.0,5.0,4.0,4.81502679528403,4.9,0.3151414412100618,2.0,5.0
review_scores_accuracy,continuous,92.0,373,16.66,0.0,5.0,5.0,4.834496248660236,4.92,0.3440479551287569,2.0,5.0
review_scores_cleanliness,continuous,107.0,373,16.66,0.0,5.0,5.0,4.796489817792069,4.9,0.3558358421309757,2.0,5.0
review_scores_checkin,continuous,74.0,373,16.66,0.0,5.0,5.0,4.887749196141479,4.96,0.290881572710471,2.0,5.0
review_scores_communication,continuous,67.0,373,16.66,1.0,5.0,4.0,4.896371918542337,4.97,0.26197224531023433,2.0,5.0
review_scores_location,continuous,129.0,373,16.66,1.0,5.0,4.0,4.7026527331189705,4.83,0.39692205120122953,2.0,5.0
review_scores_value,continuous,102.0,373,16.66,1.0,5.0,4.0,4.744051446945338,4.82,0.34387663092768217,2.0,5.0
license,empty,,2239,100.0,,,,,,,,
instant_bookable,discrete_categorical,2.0,0,0.0,f,t,,,,,,f
calculated_host_listings_count,discrete_numeric,15.0,0,0.0,1,28,27.0,3.1299687360428763,1.0,4.260254364068485,0.0,1
calculated_host_listings_count_entire_homes,discrete_numeric,14.0,0,0.0,0,21,21.0,2.162572577043323,1.0,3.0988209858290587,0.0,1
calculated_host_listings_count_private_rooms,discrete_numeric,10.0,0,0.0,0,16,16.0,0.8454667262170612,0.0,2.273377362512014,0.0,0
calculated_host_listings_count_shared_rooms,discrete_numeric,5.0,0,0.0,0,10,10.0,0.11344350156319785,0.0,0.9740111161711192,0.0,0
reviews_per_month,continuous,436.0,373,16.66,0.01,13.81,13.8,1.292031082529475,0.77,1.470222941310835,2.0,0.07
price_clean,continuous,365.0,312,13.93,18.0,40000.0,39982.0,230.45147898287493,110.0,1820.7166492711515,1.0,90.0
log_price,continuous,365.0,312,13.93,2.8903717578961645,10.596634733096073,7.706262975199908,4.771851034892922,4.700480365792417,0.6794211095203319,16.0,4.499809670330265
price_per_accommodates,continuous,543.0,312,13.93,8.066666666666666,20000.0,19991.933333333334,78.57257761050575,40.5,718.8648943075,15.0,45.0
log_price_per_accommodates,continuous,543.0,312,13.93,2.087740344494531,9.903487552536127,7.815747208041596,3.739792888410728,3.7013019741124933,0.5485855456824449,16.0,3.8066624897703196
log_reviews,continuous,319.0,0,0.0,0.0,6.877296071497429,6.877296071497429,2.698474413407693,2.772588722239781,1.825814834032019,16.0,0.0
log_accommodates,discrete_numeric,16.0,0,0.0,0.0,2.772588722239781,2.772588722239781,1.038003468598321,0.6931471805599453,0.6157222379305413,0.0,0.6931471805599453
log_beds,discrete_numeric,15.0,317,14.16,0.0,3.044522437723423,3.044522437723423,0.978622368937627,0.6931471805599453,0.4006809621020171,0.0,0.6931471805599453
price_zscore,continuous,365.0,312,13.93,-0.11668563533371382,21.84279939272111,21.95948502805482,-7.374600267359628e-18,-0.06615608146994903,0.9999999999999999,18.0,-0.0771407670925066
price_percentile,continuous,365.0,312,13.93,0.0007784120394395433,0.9992215879605605,0.998443175921121,0.5002594706798131,0.49818370524130773,0.28874250924677647,18.0,0.3412039439543332
log_price_zscore,continuous,365.0,312,13.93,-2.769238769053074,8.573156789778611,11.342395558831686,2.2123800802078885e-17,-0.10504629323468175,0.9999999999999999,18.0,-0.4004016960184194
reviews_zscore,continuous,319.0,0,0.0,-0.5587939348721389,8.892271275205886,9.451065210078024,-2.5387860143281828e-17,-0.4124926158306834,1.0,18.0,-0.5587939348721389
reviews_percentile,continuous,319.0,0,0.0,0.08351942831621259,1.0,0.9164805716837874,0.5002233139794551,0.5006699419383653,0.2880181711630013,17.0,0.08351942831621259
reviews_per_month_zscore,continuous,436.0,373,16.66,-0.8719977402790555,8.514333823623808,9.386331563902864,6.473326102851931e-17,-0.355069335310492,0.9999999999999999,17.0,-0.8311876030446952
occupancy_rate,continuous,345.0,0,0.0,0.0,1.0,1.0,0.45985304104694485,0.4273972602739726,0.3485113745303787,19.0,1.0
occupancy_rate_booked,continuous,83.0,0,0.0,0.0,0.6986301369863014,0.6986301369863014,0.17138032512068133,0.07671232876712329,0.21837164543468363,18.0,0.0
occupancy_is_capped,discrete_numeric,2.0,0,0.0,0,1,1.0,0.0643144260830728,0.0,0.24536701062592342,0.0,0
est_annual_revenue,continuous,1646.0,312,13.93,0.0,1000000.0,1000000.0,21690.338349766476,13230.0,48400.51474564613,1.0,0.0
est_annual_revenue_booked,continuous,958.0,312,13.93,0.0,240000.0,240000.0,8756.966787752985,3366.0,13486.844681506152,1.0,0.0
revenue_per_accommodates,continuous,1654.0,312,13.93,0.0,500000.0,500000.0,7204.170886570329,4920.0,18543.41215683349,13.0,0.0
revenue_per_bedroom,continuous,1473.0,509,22.73,0.0,1000000.0,1000000.0,14896.950385356453,9108.0,46389.39114166156,12.0,0.0
log_est_revenue,continuous,1645.0,394,17.6,3.295836866004329,13.815510557964274,10.519673691959945,9.13697963621969,9.569552095566886,1.635193067544277,16.0,5.298317366548036
host_listings_in_city,discrete_numeric,15.0,0,0.0,1,28,27.0,3.1299687360428763,1.0,4.260254364068485,0.0,1
host_is_professional,discrete_numeric,2.0,0,0.0,0,1,1.0,0.4868244752121483,0.0,0.49993803102077433,0.0,0
host_professional_tier,discrete_categorical,4.0,0,0.0,casual,small_professional,,,,,,casual
pct_professional_hosts,discrete_numeric,1.0,0,0.0,48.682447521214826,48.682447521214826,0.0,48.682447521214826,48.682447521214826,0.0,0.0,48.682447521214826
pct_large_operators,discrete_numeric,1.0,0,0.0,2.188476998660116,2.188476998660116,0.0,2.1884769986601156,2.188476998660116,4.441884144106322e-16,0.0,2.188476998660116
median_host_listings,discrete_numeric,1.0,0,0.0,1.0,1.0,0.0,1.0,1.0,0.0,0.0,1.0
gini_host_concentration,discrete_numeric,1.0,0,0.0,0.5230255577241145,0.5230255577241145,0.0,0.5230255577241145,0.5230255577241145,0.0,0.0,0.5230255577241145
market_professionalization_score,discrete_numeric,1.0,0,0.0,26.778331610042805,26.778331610042805,0.0,26.77833161004281,26.778331610042805,3.553507315285057e-15,0.0,26.778331610042805
purchase_price,discrete_numeric,1.0,0,0.0,1107254.5295740007,1107254.5295740007,0.0,1107254.529574001,1107254.5295740007,2.328826554145215e-10,0.0,1107254.5295740007
monthly_payment,discrete_numeric,1.0,0,0.0,6791.378007246127,6791.378007246127,0.0,6791.378007246125,6791.378007246127,1.8193957454259494e-12,0.0,6791.378007246127
zori_rent,discrete_numeric,1.0,0,0.0,3127.8008138339264,3127.8008138339264,0.0,3127.800813833927,3127.8008138339264,4.548489363564873e-13,0.0,3127.8008138339264
zillow_metro,discrete_categorical,1.0,0,0.0,"San Francisco, CA","San Francisco, CA",,,,,,"San Francisco, CA"
annual_cash_flow,continuous,1646.0,312,13.93,-81496.53608695352,918503.4639130465,1000000.0,-59806.19773718703,-68266.53608695352,48400.51474564613,13.0,-81496.53608695352
cash_on_cash_roi,continuous,1646.0,312,13.93,-36.801175299011,414.76618039504734,451.56735569405834,-27.006526566297527,-30.82693918317861,21.856092457922696,16.0,-36.801175299011
cap_rate,continuous,1646.0,312,13.93,0.0,90.31347113881166,90.31347113881166,1.9589297465426943,1.1948472231664782,4.37121849158454,18.0,0.0
price_to_rent_ratio,continuous,1645.0,394,17.6,13.28705435488801,492113.12425511144,492099.83720075653,9453.539439251586,927.7373519681615,32883.883735095806,14.0,751.9555379110361
revenue_yield,continuous,1646.0,312,13.93,0.0,90.31347113881166,90.31347113881166,1.9589297465426943,1.1948472231664782,4.37121849158454,18.0,0.0
annual_cash_flow_booked,continuous,958.0,312,13.93,-81496.53608695352,158503.46391304646,240000.0,-72739.56929920054,-78130.53608695352,13486.844681506152,11.0,-81496.53608695352
cash_on_cash_roi_booked,continuous,958.0,312,13.93,-36.801175299011,71.57499006756298,108.37616536657399,-32.8468149627647,-35.2811995797448,6.090218789484208,15.0,-36.801175299011
cap_rate_booked,continuous,958.0,312,13.93,0.0,21.675233073314796,21.675233073314796,0.7908720672492614,0.30399514385324006,1.2180437578968417,18.0,0.0
revenue_yield_booked,continuous,958.0,312,13.93,0.0,21.675233073314796,21.675233073314796,0.7908720672492614,0.30399514385324006,1.2180437578968417,18.0,0.0
