,id,scrape_id,host_id,host_listings_count,host_total_listings_count,latitude,longitude,accommodates,bathrooms,bedrooms,beds,minimum_nights,maximum_nights,minimum_minimum_nights,maximum_minimum_nights,minimum_maximum_nights,maximum_maximum_nights,minimum_nights_avg_ntm,maximum_nights_avg_ntm,calendar_updated,availability_30,availability_60,availability_90,availability_365,number_of_reviews,number_of_reviews_ltm,number_of_reviews_l30d,availability_eoy,number_of_reviews_ly,estimated_occupancy_l365d,estimated_revenue_l365d,review_scores_rating,review_scores_accuracy,review_scores_cleanliness,review_scores_checkin,review_scores_communication,review_scores_location,review_scores_value,calculated_host_listings_count,calculated_host_listings_count_entire_homes,calculated_host_listings_count_private_rooms,calculated_host_listings_count_shared_rooms,reviews_per_month,price_clean,log_price,price_per_accommodates,log_price_per_accommodates,log_reviews,log_accommodates,log_beds,price_zscore,price_percentile,log_price_zscore,reviews_zscore,reviews_percentile,reviews_per_month_zscore,occupancy_rate,occupancy_rate_booked,occupancy_is_capped,est_annual_revenue,est_annual_revenue_booked,revenue_per_accommodates,revenue_per_bedroom,log_est_revenue,host_listings_in_city,host_is_professional,pct_professional_hosts,pct_large_operators,median_host_listings,gini_host_concentration,market_professionalization_score
id,1.0,,0.4011100941557738,0.1501396886020263,0.11269026179696397,0.04819765863146953,-0.06141155421975868,0.0784250184849825,0.04734794649677385,0.037218153827642715,0.04558618316307896,0.0358452719155266,-0.1828519533921303,0.03575608760080035,0.03013736958313607,-0.17716886874226917,-0.02735556058745465,0.034302294666031574,-0.027297526016695627,,-0.014253890748187437,-0.0030262113265730525,-0.0020158932229901888,-0.029468735455202413,-0.391644389252215,-0.1224764137777308,-0.020607655717756527,-0.002866274246791517,-0.23356584814798287,-0.14425973232048506,-0.0919802905069188,0.033063824118663224,-0.007432296515379793,0.04599884192855427,-0.017497597076805874,0.008051211756798224,-0.010536909070663236,0.04214717714792025,0.0768743316215511,0.07262090085657913,0.05322192995438634,0.014688793405894943,0.0918311106720309,0.047926377392721646,0.06733956206319329,0.03696710426373949,0.038332235185184055,-0.5405719215421767,0.06759930078154623,0.03229957641408305,0.04792637739272131,0.04673928460213861,0.06733956206318262,-0.3916443892522144,-0.5401213194067038,0.09183111067202793,0.029468735455197105,-0.14425973232048894,-0.058165413471271,0.034927965995985355,-0.0919802905069188,0.028810898467313172,0.033204787089822746,0.04510995869751347,0.0768743316215511,0.06611810607572595,,,,,
scrape_id,,,,,,,,,,,,,,,,,,,,,,,,,,,,,,,,,,,,,,,,,,,,,,,,,,,,,,,,,,,,,,,,,,,,,,,
host_id,0.4011100941557738,,1.0,0.2193504117861598,0.1365690918639011,0.05894974320544154,-0.0768370863895711,0.030602677175630876,-0.007527281233980411,-0.012540150291106228,0.007602726691948384,0.012553223236467818,-0.12900827433369505,0.006651668971021677,-0.015026360470981307,-0.03599495428119424,0.009398048104649979,0.00237825996765186,0.009378781780343536,,0.01930874452300352,0.02556677667319573,0.01916440481271175,-0.03928900615362409,-0.19389641199903465,-0.05760963880332932,-0.01623019205917921,0.009283136839584247,-0.09007814868648342,-0.08398386854085702,-0.06263921419223188,-0.011846471777398494,-0.043537007542910046,0.0026262948410049327,-0.0321526057527722,-0.022269341935223293,-0.043820413249933535,0.0006669481794097213,-0.04864623033015531,-0.05775904359723976,0.11440940054109469,0.030837853903194944,0.057581178004255475,0.01499299019252179,0.02036118521985263,0.019383823467326464,0.004908246788117426,-0.2761815736149555,0.029873887913817912,0.003904792990761809,0.01499299019252176,0.02688850594914414,0.020361185219846617,-0.19389641199903382,-0.27567242523186514,0.057581178004253865,0.0392890061536223,-0.08398386854085871,-0.01888129028279625,-0.0021512153851271122,-0.06263921419223188,0.0036820599811352695,0.0027356602210406203,0.021989096014940254,-0.04864623033015531,-0.023302247849780074,,,,,
host_listings_count,0.1501396886020263,,0.2193504117861598,1.0,0.8196915646821059,0.07832944655943393,-0.09772334244771738,0.1301576666251753,0.0792164343339411,0.04788630536803987,0.06884467485654554,-0.004232924980055932,0.010963632630869071,-0.02348375887315603,-0.029699515891697757,-0.12670333734418698,0.007854944826187208,-0.029874424242721118,0.00784064206363659,,-0.032128619559969186,-0.05864963638300449,-0.06905609496054345,-0.012112519138998181,-0.17192197910088308,-0.1848961489907271,-0.14948086465222288,-0.07280697685639367,-0.17124618681327536,-0.2233887884418313,-0.10573072413628809,-0.06087922841964666,-0.0860638531630306,-0.0313147532652788,-0.09392523317066931,-0.10463290424760739,-0.028838160976354582,-0.0711584264261429,0.5882973690427391,0.5749547184020674,0.06658297418705944,-0.015119912610257082,-0.20280291021516667,0.22433002807271837,0.24443176944421685,0.1876814022488838,0.21323549994007585,-0.29922450007948903,0.12508686560823895,0.06086904774437705,0.22433002807271885,0.2049772827194313,0.24443176944421263,-0.17192197910088106,-0.30256877746213356,-0.2028029102151695,0.01211251913899815,-0.22338878844182863,-0.07550841767157473,0.2150332369586578,-0.10573072413628809,0.17814520955117033,0.21294656384759286,0.16961434309190218,0.5882973690427391,0.18078579349346066,,,,,
host_total_listings_count,0.11269026179696397,,0.1365690918639011,0.8196915646821059,1.0,0.04917812340629913,-0.07257271190766455,0.13277420417090646,0.0702224706022162,0.04776146684629278,0.003518036988493726,-0.017351517570366206,0.08639795233709588,-0.03025575084995322,-0.03260661757290751,-0.13205573492185427,0.00584483688915251,-0.03635065347630548,0.005833747740767734,,-0.06217221997768382,-0.09000393532541842,-0.10435519976027667,-0.07945774109990873,-0.1542599432532589,-0.1672470573173694,-0.13426649680365454,-0.10743318478765546,-0.15406416098142872,-0.20248469145384868,-0.04657516966612413,-0.06385486924277381,-0.09201969100933864,-0.026678418679441193,-0.0857062204551662,-0.10950188070668652,-0.03584614735416024,-0.07833155609098022,0.4372680828306742,0.4172829773126441,0.10791538618162913,-0.01343134999890162,-0.18245531986047225,0.6099496137445838,0.38815106273195266,0.4993202529100614,0.38823087935009093,-0.275368567053635,0.1165634933730477,-0.045590038064759,0.6099496137445847,0.2208842255352777,0.38815106273195416,-0.1542599432532579,-0.2785041087625831,-0.18245531986046976,0.07945774109990857,-0.20248469145384862,-0.06842076815794841,0.623610401672949,-0.04657516966612413,0.5048294088878864,0.5881537154685019,0.276956320834139,0.4372680828306742,0.1594926715990656,,,,,
latitude,0.04819765863146953,,0.05894974320544154,0.07832944655943393,0.04917812340629913,1.0,-0.9296678130352108,0.007908565364155502,-0.02238022743538424,-0.05047642264021791,-0.005647327638883667,0.07731053572021493,0.023936413529488366,0.06753154128622685,0.06823550811107815,-0.0717208430605293,-0.00855345879693318,0.07019302030231866,-0.008847205306101863,,-0.09877837331923144,-0.0809856646134214,-0.06316874939096047,-0.018124452141457296,-0.08213148877592734,-0.053063642339447846,-0.023785083576512697,-0.05817442167627568,-0.054778908913750535,-0.0025421424054154003,0.06290676999238855,-0.028344002069955784,-0.03571934126739556,-0.0334832469982772,-0.017961161144191343,-0.022623932269069242,0.04106679542158015,-0.05664207337032488,0.03615882864469563,0.035133962998409665,-3.0378578412904104e-05,-0.018858193329482357,-0.06394201539825506,0.015239506500879673,0.1155490758910414,0.006316056081198142,0.1297364373443621,-0.054275088838065054,0.009569170818112508,-0.0075021771743892275,0.015239506500879678,0.15947887829757776,0.1155490758910414,-0.08213148877592767,-0.05098060516376719,-0.06394201539825525,0.018124452141457078,-0.002542142405415644,-0.0256753277522872,-0.00024542910171913254,0.06290676999238855,-0.006698311156989579,-0.001384424190350168,0.08126007314066253,0.03615882864469563,0.08912052292433151,,,,,
longitude,-0.06141155421975868,,-0.0768370863895711,-0.09772334244771738,-0.07257271190766455,-0.9296678130352108,1.0,-0.007484373526935807,0.0049411434995729146,0.03072854003023434,0.002112038214862376,-0.05316165979325845,-0.017236076903765024,-0.04176126413650115,-0.043350875143215145,0.05584352166842139,-0.0003499471475665977,-0.04334290556241722,-0.00015610134877084496,,0.10597127108919749,0.07970856727688105,0.06482662625844453,0.04690266348991866,0.078965247627008,0.03529311901283236,0.013206624261416682,0.06514597544967363,0.03926330361559364,-0.01221617385191107,-0.06739729113228365,0.0322084658967852,0.04794852678488884,0.030182651252470268,0.0248390684822193,0.026302125811546447,-0.030918664525546195,0.05663241155068986,-0.0012582236877208362,0.00013231009809393354,-0.005901957738440463,0.02276189950244102,0.04927696360442164,-0.019073616240648482,-0.09188290471218723,-0.014946214471829792,-0.10177871346989074,0.0497094313678331,-0.009588583307200395,0.002556048025081796,-0.019073616240648333,-0.13708065653664522,-0.09188290471218614,0.07896524762700766,0.04652596471626707,0.049276963604422054,-0.046902663489918076,-0.01221617385191054,0.017179276479607316,-0.01002167488224955,-0.06739729113228365,-0.005564824302027985,-0.01133245498819749,-0.08068912669342176,-0.0012582236877208362,-0.08686805958077991,,,,,
accommodates,0.0784250184849825,,0.030602677175630876,0.1301576666251753,0.13277420417090646,0.007908565364155502,-0.007484373526935807,1.0,0.7388144656230009,0.7822771346722428,0.8433264450853248,-0.033472292365804485,0.03792277354726676,-0.02586814267691007,-0.014109650373711941,-0.09385216344590747,-0.002125285673447373,-0.026498813968551322,-0.0020252175568724697,,-0.022096338257803442,-0.045346003127695524,-0.06851505108208686,-0.024745882621835236,-0.17722810899952537,-0.15155823808865834,-0.14040088888940178,-0.09147110003759978,-0.15259923759042515,-0.15808820077589084,0.13282057137634284,0.056384761124558314,0.020039416988434915,0.03834925760608135,0.01953747810575794,0.004436333565723484,0.04380145108467624,-0.011919635197093915,0.194782589754012,0.19529983903609371,-0.043502047319515416,-0.028808989667368237,-0.1790399571987213,0.17541676554451652,0.5650059052437579,0.0008821218113254361,0.1024949444236679,-0.1895419887192475,0.9351811218391047,0.7833867267055936,0.1754167655445164,0.5685247017711575,0.5650059052437634,-0.17722810899952549,-0.18718992447567742,-0.17903995719872084,0.024745882621834678,-0.158088200775891,-0.09175324235743025,0.11693873756314159,0.13282057137634284,-0.004095772014978343,0.007853414849647113,0.38319553903124826,0.194782589754012,0.04216345543938188,,,,,
bathrooms,0.04734794649677385,,-0.007527281233980411,0.0792164343339411,0.0702224706022162,-0.02238022743538424,0.0049411434995729146,0.7388144656230009,1.0,0.7921273965493654,0.6955171298639816,0.0037378427537622543,0.056834736256585625,0.011840139505845134,0.022762942199287154,-0.08291391402576381,-0.006987643370281935,0.011772015460957398,-0.006832025035810378,,0.004391853715224338,-0.02120610403369356,-0.04301728308499464,0.007039405926889922,-0.16235742178252138,-0.16301747054301016,-0.14915788522218665,-0.05907194096499769,-0.1573098479537858,-0.16499597316806885,0.09418760184735576,0.04818012910582741,0.025034123023092332,0.038379380733598756,0.01148783695272133,-0.0026891615929385444,0.01635606104932525,-0.022113588805754304,0.1815565525017679,0.17911724307614885,0.028971476069005197,0.05598206894550082,-0.21133643925891096,0.13584518448265792,0.4963566802203062,0.001464418206731531,0.2098834496391387,-0.18689829058647217,0.6225449807465648,0.6076001672203579,0.1358451844826571,0.4944268054287855,0.49635668022030827,-0.1623574217825192,-0.18540072488532933,-0.21133643925891474,-0.007039405926889879,-0.1649959731680711,-0.08480241308371436,0.07682344184288485,0.09418760184735576,-0.007375964950229595,-0.015448870502243391,0.3221763963985148,0.1815565525017679,0.029565283367135,,,,,
bedrooms,0.037218153827642715,,-0.012540150291106228,0.04788630536803987,0.04776146684629278,-0.05047642264021791,0.03072854003023434,0.7822771346722428,0.7921273965493654,1.0,0.7463409851263066,0.04307150076407223,0.064025677946367,0.05366228778163932,0.06422076765494861,-0.05930985019141063,-0.0028794567136198627,0.0549986228781629,-0.0027338219549251997,,0.017556741460422135,-0.006486521560280673,-0.028297504821025592,0.016260144793561387,-0.14879451426202522,-0.14911324527787315,-0.1402859384383491,-0.047772646388955536,-0.14453938791328086,-0.13772201682864438,0.127825035628687,0.06921461155232893,0.04008579354003491,0.05365331475461868,0.03562205239726386,0.017375311459148318,0.026509575483394145,0.003614554096531135,0.12600794959848705,0.12741577007022764,-0.048910975195624894,0.03234487261418688,-0.18774566732288506,0.11877956550112666,0.4762151351455391,0.0016234997927009147,0.14031987262348483,-0.1593897307289326,0.7000407779952951,0.677922004386215,0.11877956550112724,0.4957056732411861,0.47621513514553654,-0.14879451426202525,-0.15760087265176845,-0.18774566732288547,-0.016260144793561106,-0.13772201682864574,-0.07382462797345411,0.06754450329034532,0.127825035628687,-0.00458343967228407,-0.022024985298453585,0.3009263828965653,0.12600794959848705,-0.014074261382163963,,,,,
beds,0.04558618316307896,,0.007602726691948384,0.06884467485654554,0.003518036988493726,-0.005647327638883667,0.002112038214862376,0.8433264450853248,0.6955171298639816,0.7463409851263066,1.0,-0.02222979284889868,0.04067527008792004,-0.016887836514691695,-0.004235973211765692,-0.05924996859400674,-3.496128770240113e-05,-0.015144502477489333,0.00010550008423807779,,-0.011704958584087601,-0.030617322549650106,-0.04740093227601429,0.004962114840844889,-0.12916575360402976,-0.11053040767820646,-0.10752121049570108,-0.06816623287171633,-0.1092090321404554,-0.10564944326923602,0.13442855335150597,0.04747577053816083,0.01892471944085571,0.024806995650372355,0.020526032551436233,0.004358559441944786,0.03292967372911606,-0.0070403855175259055,0.15236299632902886,0.15598174766697742,-0.05660791105819283,0.006378974703863793,-0.14441192068471573,0.03203910602050659,0.4329390779909345,-0.05996096404538725,0.04778193665380052,-0.11894891737874574,0.767879439373225,0.9388284593510717,0.03203910602050666,0.4727104866560072,0.43293907799093434,-0.12916575360402904,-0.11663570610382275,-0.14441192068471478,-0.004962114840844696,-0.10564944326923544,-0.06934922679015997,-0.013115916611818967,0.13442855335150597,-0.05892396059136341,-0.07695492512144848,0.29283776196258404,0.15236299632902886,0.021452109252591646,,,,,
minimum_nights,0.0358452719155266,,0.012553223236467818,-0.004232924980055932,-0.017351517570366206,0.07731053572021493,-0.05316165979325845,-0.033472292365804485,0.0037378427537622543,0.04307150076407223,-0.02222979284889868,1.0,-0.009760642102045816,0.9449651773640255,0.9018819455015867,0.06393433669106272,-0.0062884615784687785,0.9544558389100766,-0.006267446310976782,,0.10987372463194403,0.10907958402889388,0.10398736658557095,0.09462138164728442,-0.07355685400485056,-0.1188219907379047,-0.09782566271347919,0.11370765274021193,-0.10382208726259189,-0.022351905828266617,-0.025959844908146425,-0.011780540980342473,-0.01733441519301888,-0.03302309356741088,-0.0067869943959465,-0.0024025960265222613,-0.04642584736635402,-0.008001105027561978,-0.07577642607926348,-0.07582506129152762,0.015074034838634759,-0.007920970946196856,-0.11958829943318403,-0.032554718484850774,-0.06401638180505152,-0.023850513357225215,-0.04176224553341533,-0.1344948200913315,-0.054953419755021785,-0.03635756732339344,-0.03255471848485076,-0.058936953039759134,-0.06401638180505165,-0.07355685400485001,-0.13628105883524472,-0.11958829943318418,-0.09462138164728452,-0.02235190582826684,0.050734737062171346,-0.028920369301136596,-0.025959844908146425,-0.022140985838969857,-0.026557698682415875,-0.15364027189870552,-0.07577642607926348,-0.13727076476591124,,,,,
maximum_nights,-0.1828519533921303,,-0.12900827433369505,0.010963632630869071,0.08639795233709588,0.023936413529488366,-0.017236076903765024,0.03792277354726676,0.056834736256585625,0.064025677946367,0.04067527008792004,-0.009760642102045816,1.0,-0.000501770159135226,0.028400252051581306,0.07006950169137525,-0.006906236271798621,0.005937039623377105,-0.00686550957455603,,-0.0041524152688375655,-0.02235011344096332,-0.025715689206679136,0.11307905482091757,-0.05916946817650889,-0.13207628122992662,-0.11540084384834219,-0.019859004986560357,-0.1079034185584568,-0.1437593883305394,-0.04329867249990484,-0.10251418397068114,-0.0648157807956009,-0.08989108983610886,-0.07188392409474502,-0.11826044236584751,-0.013871447761068021,-0.12470754357339243,0.20019966839078554,0.19818143003572847,-0.024896173762588163,-0.01326781122357053,-0.2052756935756173,0.09998283268302198,0.09393823853407932,0.08549126853394752,0.07417345161531522,0.00045344407821440734,0.06142295341070527,0.04975707196321929,0.09998283268302105,0.07424826754192025,0.09393823853408206,-0.05916946817650776,0.0028851263673467286,-0.2052756935756176,-0.1130790548209158,-0.14375938833054003,-0.07928626489421955,0.09682876960027295,-0.04329867249990484,0.07984883313796894,0.09031995017062192,0.028149772186468008,0.20019966839078554,0.16216955072935033,,,,,
minimum_minimum_nights,0.03575608760080035,,0.006651668971021677,-0.02348375887315603,-0.03025575084995322,0.06753154128622685,-0.04176126413650115,-0.02586814267691007,0.011840139505845134,0.05366228778163932,-0.016887836514691695,0.9449651773640255,-0.000501770159135226,1.0,0.9250252354104486,0.060277653411204626,-0.006125758564545968,0.9853965100827875,-0.006106648746062733,,0.11937419724575199,0.11796727760776105,0.11165772572211145,0.10164568594669139,-0.08000580594510988,-0.12622852521182865,-0.10521316816409727,0.12080975984879294,-0.11058666473428522,-0.055489934843650966,-0.051691682901534454,-0.023860195781418514,-0.024584129407942044,-0.04632652138352865,-0.01596232413172201,-0.012468042990442822,-0.05522390474258777,-0.020972599448927532,-0.0790875779687126,-0.07941178386627608,0.020359045721619465,-0.008046388550867246,-0.13675322773263357,-0.031688413488804815,-0.0646633924670645,-0.023766321190045268,-0.047886127862470214,-0.1455849599169036,-0.045330194438619346,-0.030058124920410295,-0.031688413488804676,-0.06166973957785143,-0.06466339246706355,-0.08000580594511082,-0.1474461722901419,-0.13675322773263376,-0.10164568594669032,-0.05548993484365129,0.008802619070616798,-0.028408308659870887,-0.051691682901534454,-0.021924556450727134,-0.026290063648693556,-0.16479758523115215,-0.0790875779687126,-0.13524245418340097,,,,,
maximum_minimum_nights,0.03013736958313607,,-0.015026360470981307,-0.029699515891697757,-0.03260661757290751,0.06823550811107815,-0.043350875143215145,-0.014109650373711941,0.022762942199287154,0.06422076765494861,-0.004235973211765692,0.9018819455015867,0.028400252051581306,0.9250252354104486,1.0,0.03943348328172233,-0.00745874564553472,0.9465758332790183,-0.0074434155471667695,,0.09693697258195487,0.09429617145960671,0.08975419431757599,0.09186909441605175,-0.0883390948092139,-0.1299082496257816,-0.10175277095892542,0.10068712225467873,-0.11595726551692523,-0.05325959945260283,-0.04318570200841003,-0.019643673812438343,-0.019465456470100236,-0.03761962068854476,-0.018109535799042068,-0.01502066474808397,-0.036214050699959976,-0.02198144239743821,-0.048930866337205885,-0.04862223821354874,0.007270490208666216,-0.010792217662802004,-0.14085601832240194,-0.028748173247636732,-0.05382268826184115,-0.022455509296311925,-0.04396984798293613,-0.14047874633462584,-0.03142315895213952,-0.01445827650310347,-0.028748173247636753,-0.052903852610241366,-0.0538226882618401,-0.08833909480921497,-0.14169585343799188,-0.14085601832240152,-0.09186909441605191,-0.05325959945260315,0.017235397824499572,-0.026219424969358956,-0.04318570200841003,-0.020507825017489135,-0.024985344453116915,-0.13684414160044228,-0.048930866337205885,-0.11199180150750797,,,,,
minimum_maximum_nights,-0.17716886874226917,,-0.03599495428119424,-0.12670333734418698,-0.13205573492185427,-0.0717208430605293,0.05584352166842139,-0.09385216344590747,-0.08291391402576381,-0.05930985019141063,-0.05924996859400674,0.06393433669106272,0.07006950169137525,0.060277653411204626,0.03943348328172233,1.0,-0.0025459260298479934,0.058925135521844384,-0.002255861356243156,,-0.025931727178310167,-0.0077782869281011755,0.004682355085592393,-0.0034220955645674067,0.3079137540993996,0.25855809513549616,0.18254962669131364,-0.0016672536495803566,0.28424835665373027,0.30563894518812385,0.13118459989715484,0.04916159864975397,0.05261415137685106,0.031132808390267965,0.06772756875938019,0.08463382573282048,-0.012515390411296116,0.0889808340820804,-0.31930143787495857,-0.3183064169451696,0.015000247738131084,-0.008618886646420621,0.25786724080599877,-0.08282859358660859,-0.17112983662668552,-0.05500638897884137,-0.13886201106280477,0.3366557104765016,-0.10487699323135694,-0.062238234281970006,-0.082828593586608,-0.17605082053286286,-0.17112983662668554,0.30791375409940014,0.3339212412811823,0.25786724080599865,0.003422095564568634,0.30563894518812995,0.1443785838087388,-0.0601457851184893,0.13118459989715484,-0.04138103019408135,-0.05152965707922894,-0.09227735756679757,-0.31930143787495857,-0.18615407784997096,,,,,
maximum_maximum_nights,-0.02735556058745465,,0.009398048104649979,0.007854944826187208,0.00584483688915251,-0.00855345879693318,-0.0003499471475665977,-0.002125285673447373,-0.006987643370281935,-0.0028794567136198627,-3.496128770240113e-05,-0.0062884615784687785,-0.006906236271798621,-0.006125758564545968,-0.00745874564553472,-0.0025459260298479934,1.0,-0.006324002563441092,0.9979835719140686,,0.005755171903806323,0.005265362807127085,0.006611467706910334,0.003110754443885513,0.01728157968518092,0.09395964337149726,0.05504136558601352,0.008018403020450385,0.043316451449299055,0.031131661557594732,0.0164304802298989,-0.02183760194571726,-0.020387264860753283,-0.02046978008463335,-0.019557849276339027,-0.029583279667621285,-0.022599566029149105,-0.011895053909312696,-0.00920197036609561,-0.016606960024935186,0.14967608493978693,-0.0010124099061461212,0.044467465535658314,-0.003780467969982959,-0.0061268064423000024,-0.002667958990180235,-0.007244492459054897,0.01695568455649403,9.577254149121446e-05,0.0029910347007635276,-0.0037804679699829417,-0.003709827569962101,-0.006126806442300326,0.017281579685181077,0.01650651771046688,0.04446746553565803,-0.003110754443885216,0.031131661557594968,0.033878676287496495,-0.0028280946889626827,0.0164304802298989,-0.0021263358371135443,-0.0025922594199562464,-0.006637288276336952,-0.00920197036609561,0.011667510453301236,,,,,
minimum_nights_avg_ntm,0.034302294666031574,,0.00237825996765186,-0.029874424242721118,-0.03635065347630548,0.07019302030231866,-0.04334290556241722,-0.026498813968551322,0.011772015460957398,0.0549986228781629,-0.015144502477489333,0.9544558389100766,0.005937039623377105,0.9853965100827875,0.9465758332790183,0.058925135521844384,-0.006324002563441092,1.0,-0.006308931140523487,,0.11062790398885058,0.10930944650497806,0.10368363064999897,0.09935885376598892,-0.08105287839906042,-0.12674217952500763,-0.10234603881043174,0.1136655020797595,-0.11151332098696959,-0.04488135287160818,-0.04420946655996252,-0.019583431109176562,-0.01965447823338639,-0.04430146010591187,-0.01460193367283223,-0.009464347098955387,-0.049883942177724745,-0.017248340162849617,-0.08026530030635266,-0.08023184080629141,0.01473416118767998,-0.009076083557615335,-0.13832404321105235,-0.034747877743236975,-0.06844929746178087,-0.026214005229079344,-0.05213882659077373,-0.14230602009850968,-0.045827325244724694,-0.02765473241727382,-0.03474787774323697,-0.06596082198131427,-0.06844929746178094,-0.08105287839906011,-0.14400400635446972,-0.13832404321105235,-0.09935885376598841,-0.044881352871608375,0.023965057664470674,-0.0312963906113183,-0.04420946655996252,-0.02419853216799414,-0.029158614427177928,-0.16140537264347143,-0.08026530030635266,-0.13600620584153755,,,,,
maximum_nights_avg_ntm,-0.027297526016695627,,0.009378781780343536,0.00784064206363659,0.005833747740767734,-0.008847205306101863,-0.00015610134877084496,-0.0020252175568724697,-0.006832025035810378,-0.0027338219549251997,0.00010550008423807779,-0.006267446310976782,-0.00686550957455603,-0.006106648746062733,-0.0074434155471667695,-0.002255861356243156,0.9979835719140686,-0.006308931140523487,1.0,,0.005457775788003995,0.004976655253024167,0.006299501800583283,0.002774513688014985,0.015885966490700735,0.08637335857089597,0.05346202742791277,0.0076846867593700985,0.040714865487462934,0.03059117575810141,0.016256966190885586,-0.02194748044369599,-0.02045934892788621,-0.020602484964742523,-0.01965778842294462,-0.029704065277377668,-0.022777033302488106,-0.012006153573321179,-0.009182270661374533,-0.016571355228613763,0.14937500105063203,-0.0010100389059616692,0.04143276285429786,-0.0037694903322244315,-0.006050231543319705,-0.0026600980970130322,-0.007189088002019891,0.016444262265263496,0.0001530292971697183,0.003124520302096208,-0.003769490332224391,-0.0035687133011613323,-0.006050231543319456,0.015885966490700967,0.01609370966429712,0.041432762854297284,-0.00277451368801462,0.030591175758101635,0.032677014723071336,-0.0028164266806999763,0.016256966190885586,-0.002117390167955903,-0.002581779655857254,-0.006303375081495904,-0.009182270661374533,0.011640383281089241,,,,,
calendar_updated,,,,,,,,,,,,,,,,,,,,,,,,,,,,,,,,,,,,,,,,,,,,,,,,,,,,,,,,,,,,,,,,,,,,,,,
availability_30,-0.014253890748187437,,0.01930874452300352,-0.032128619559969186,-0.06217221997768382,-0.09877837331923144,0.10597127108919749,-0.022096338257803442,0.004391853715224338,0.017556741460422135,-0.011704958584087601,0.10987372463194403,-0.0041524152688375655,0.11937419724575199,0.09693697258195487,-0.025931727178310167,0.005755171903806323,0.11062790398885058,0.005457775788003995,,1.0,0.9157135545969343,0.8415853582586709,0.39011125535678887,-0.1033452472451324,-0.173496431190666,-0.17066603777653916,0.8081158297693978,-0.1457769716703439,-0.19218506401132687,-0.12392060633600933,-0.12723253438870216,-0.12681301921948732,-0.11335616463159391,-0.09228046645020618,-0.11738895101580278,-0.09006380483476939,-0.13364486415193583,-0.0369547108402039,-0.03448466838728366,-0.015295569262434085,0.0346116390871251,-0.1625792259292417,-0.09349216952887493,-0.050067985787797364,-0.06667030558493349,-0.05452630779985376,-0.13136137001628662,-0.008546898166408466,-0.0008781814925553761,-0.09349216952887475,-0.013423827430254961,-0.05006798578779735,-0.10334524724513192,-0.13073485764151926,-0.16257922592924148,-0.3901112553567853,-0.19218506401132593,-0.0954742429595394,-0.12033811395039165,-0.12392060633600933,-0.09077414982219742,-0.10626470650178306,-0.37495043153336,-0.0369547108402039,0.011036702042924932,,,,,
availability_60,-0.0030262113265730525,,0.02556677667319573,-0.05864963638300449,-0.09000393532541842,-0.0809856646134214,0.07970856727688105,-0.045346003127695524,-0.02120610403369356,-0.006486521560280673,-0.030617322549650106,0.10907958402889388,-0.02235011344096332,0.11796727760776105,0.09429617145960671,-0.0077782869281011755,0.005265362807127085,0.10930944650497806,0.004976655253024167,,0.9157135545969343,1.0,0.9557154735543424,0.46812876386449265,-0.06159908789471114,-0.11674103045483379,-0.12947469068952905,0.9238032141826783,-0.09352904805667689,-0.13306481378427668,-0.10294648762335912,-0.13005407814844822,-0.12663379170971123,-0.11239824362640659,-0.08689739781805197,-0.11183693343844114,-0.1009494718324198,-0.130847851910783,-0.06765214238148573,-0.06436760549734764,-0.02357080956614855,0.034821810703349006,-0.09710848443297868,-0.11079921099039652,-0.095015235214682,-0.07963973588472442,-0.09041009708250942,-0.08433291799828796,-0.037107328229936946,-0.02234749103386214,-0.11079921099039539,-0.06760460110868245,-0.09501523521468198,-0.06159908789470996,-0.0842730910640908,-0.09710848443297855,-0.4681287638644899,-0.13306481378427656,-0.07326983772770809,-0.14216044238259953,-0.10294648762335912,-0.10752265706955418,-0.12458345556507933,-0.4515086185109067,-0.06765214238148573,0.003991631715854942,,,,,
availability_90,-0.0020158932229901888,,0.01916440481271175,-0.06905609496054345,-0.10435519976027667,-0.06316874939096047,0.06482662625844453,-0.06851505108208686,-0.04301728308499464,-0.028297504821025592,-0.04740093227601429,0.10398736658557095,-0.025715689206679136,0.11165772572211145,0.08975419431757599,0.004682355085592393,0.006611467706910334,0.10368363064999897,0.006299501800583283,,0.8415853582586709,0.9557154735543424,1.0,0.5481229439933574,-0.027272489364561666,-0.06849395495340475,-0.08925474527286628,0.9841417887494929,-0.05147907542733792,-0.08640036981909288,-0.0871207708306343,-0.13088208450130312,-0.12004316176497344,-0.11126683348103995,-0.0811445888432107,-0.10601374221295,-0.10297186034361053,-0.12897615798066542,-0.07187647806063902,-0.06801488668639301,-0.02888306880140874,0.03584553037373974,-0.04292306055388544,-0.1247992339925903,-0.12371964084323679,-0.09025538149799445,-0.10803683685494175,-0.040821241170248566,-0.06418462075520172,-0.040359364516302856,-0.12479923399259141,-0.09867898443455526,-0.12371964084323621,-0.027272489364561718,-0.04107395172358593,-0.04292306055388575,-0.5481229439933591,-0.08640036981909202,-0.05453140249649285,-0.16055571725650294,-0.0871207708306343,-0.12200546310662509,-0.1405416932995074,-0.5090619445491622,-0.07187647806063902,0.001317250306762258,,,,,
availability_365,-0.029468735455202413,,-0.03928900615362409,-0.012112519138998181,-0.07945774109990873,-0.018124452141457296,0.04690266348991866,-0.024745882621835236,0.007039405926889922,0.016260144793561387,0.004962114840844889,0.09462138164728442,0.11307905482091757,0.10164568594669139,0.09186909441605175,-0.0034220955645674067,0.003110754443885513,0.09935885376598892,0.002774513688014985,,0.39011125535678887,0.46812876386449265,0.5481229439933574,1.0,0.021172451276180344,0.0071041256968994645,-0.004002610251372862,0.5943443785130599,0.011639570672771916,0.0009147549208359296,-0.01890733851279636,-0.12478186222488463,-0.08582324289547147,-0.10614794937166364,-0.0695076511609388,-0.09187903686587977,-0.07463680859320751,-0.12639353699719766,0.08452541844044056,0.09120303258023968,-0.07567649771830849,0.03228259387362056,0.0005521662336022569,-0.1510499831771243,-0.07706512806305954,-0.1231417374774103,-0.07362302333048938,0.06002103922608991,-0.028579338714283767,0.009133625892545365,-0.15104998317712418,-0.04148025348995215,-0.07706512806305887,0.021172451276180154,0.05982098879312625,0.0005521662336022913,-1.0000000000000058,0.0009147549208360908,-0.014458547592595298,-0.20965749602819558,-0.01890733851279636,-0.1684638109686267,-0.19646520503036993,-0.6543145702206932,0.08452541844044056,0.030797317804466467,,,,,
number_of_reviews,-0.391644389252215,,-0.19389641199903465,-0.17192197910088308,-0.1542599432532589,-0.08213148877592734,0.078965247627008,-0.17722810899952537,-0.16235742178252138,-0.14879451426202522,-0.12916575360402976,-0.07355685400485056,-0.05916946817650889,-0.08000580594510988,-0.0883390948092139,0.3079137540993996,0.01728157968518092,-0.08105287839906042,0.015885966490700735,,-0.1033452472451324,-0.06159908789471114,-0.027272489364561666,0.021172451276180344,1.0,0.7074581711229072,0.4974287300522226,-0.024716687427796296,0.7751458395319559,0.6129365745332296,0.2665327701011749,0.07842507584713768,0.10247842869734944,0.06949578183917055,0.102335965346184,0.11527983623089183,0.014602546028731782,0.11470707670446505,-0.24801206510538584,-0.24280855378011237,-0.07614556329575937,0.021125663836983218,0.6921072684633764,-0.07800537646454048,-0.21511267255796868,-0.052492979486941115,-0.13514808232988043,0.7162346746335558,-0.1966074282466878,-0.1382918459783202,-0.07800537646453964,-0.24442071110491365,-0.21511267255796318,1.0000000000000109,0.681284454152326,0.6921072684633749,-0.02117245127617856,0.6129365745332391,0.4142439008408413,-0.05809234502365007,0.2665327701011749,-0.04162566900872287,-0.04878128347306446,-0.1142113452478445,-0.24801206510538584,-0.16688584405621074,,,,,
number_of_reviews_ltm,-0.1224764137777308,,-0.05760963880332932,-0.1848961489907271,-0.1672470573173694,-0.053063642339447846,0.03529311901283236,-0.15155823808865834,-0.16301747054301016,-0.14911324527787315,-0.11053040767820646,-0.1188219907379047,-0.13207628122992662,-0.12622852521182865,-0.1299082496257816,0.25855809513549616,0.09395964337149726,-0.12674217952500763,0.08637335857089597,,-0.173496431190666,-0.11674103045483379,-0.06849395495340475,0.0071041256968994645,0.7074581711229072,1.0,0.7534541134111039,-0.0631849620715933,0.8855355921721726,0.8448374681697004,0.4223209324536072,0.1303094649731513,0.13275548127789846,0.11617549145915153,0.11990550336089814,0.14878243256827542,0.035613752126104445,0.15459105216712687,-0.26068622696257227,-0.25561670652853663,-0.07084615501970858,0.06011981270485611,0.8801562838277882,-0.08794608647046516,-0.2238322229978275,-0.06065046992885145,-0.1640492972621096,0.6672738046474426,-0.16395917960483433,-0.11780171302778565,-0.08794608647046581,-0.2480535084755054,-0.22383222299782768,0.7074581711229057,0.6510760619870885,0.8801562838277813,-0.007104125696898744,0.8448374681697041,0.5656521456833256,-0.06594962737025911,0.4223209324536072,-0.04776620988156936,-0.0547964818758183,-0.10255809353783943,-0.26068622696257227,-0.1536257444763259,,,,,
number_of_reviews_l30d,-0.020607655717756527,,-0.01623019205917921,-0.14948086465222288,-0.13426649680365454,-0.023785083576512697,0.013206624261416682,-0.14040088888940178,-0.14915788522218665,-0.1402859384383491,-0.10752121049570108,-0.09782566271347919,-0.11540084384834219,-0.10521316816409727,-0.10175277095892542,0.18254962669131364,0.05504136558601352,-0.10234603881043174,0.05346202742791277,,-0.17066603777653916,-0.12947469068952905,-0.08925474527286628,-0.004002610251372862,0.4974287300522226,0.7534541134111039,1.0,-0.08137396049742243,0.6007131094621979,0.6309054544223327,0.3071600604347387,0.11293295206893002,0.11123793008921781,0.09911548431777224,0.09876190299260477,0.1225844393347052,0.03911859635515841,0.13675849393123993,-0.2025013643335468,-0.1981701914345539,-0.06153922793763745,0.04097065250071623,0.714332437015539,-0.07229806188305199,-0.19168387397665357,-0.049199775118878575,-0.13300497632486927,0.47845328810396676,-0.15162838699379483,-0.11453454396379593,-0.07229806188305118,-0.2191937928518873,-0.19168387397665218,0.49742873005221644,0.4667636714433735,0.7143324370155438,0.004002610251373086,0.6309054544223344,0.43226431171079716,-0.05405858491837111,0.3071600604347387,-0.03883906526680153,-0.044219323842398295,-0.0815791283628295,-0.2025013643335468,-0.11648600433295796,,,,,
availability_eoy,-0.002866274246791517,,0.009283136839584247,-0.07280697685639367,-0.10743318478765546,-0.05817442167627568,0.06514597544967363,-0.09147110003759978,-0.05907194096499769,-0.047772646388955536,-0.06816623287171633,0.11370765274021193,-0.019859004986560357,0.12080975984879294,0.10068712225467873,-0.0016672536495803566,0.008018403020450385,0.1136655020797595,0.0076846867593700985,,0.8081158297693978,0.9238032141826783,0.9841417887494929,0.5943443785130599,-0.024716687427796296,-0.0631849620715933,-0.08137396049742243,1.0,-0.047470423898314476,-0.0814380294813566,-0.09179550062495799,-0.13935713128997215,-0.12304316312339961,-0.11624377550053723,-0.08635050240247973,-0.1100839779921317,-0.10828871610340703,-0.1365713235404617,-0.05991864480908577,-0.05625454130646882,-0.024746645291307885,0.03834029249654136,-0.03649283309094774,-0.1259266905600281,-0.13667133210431145,-0.09044502815432202,-0.10730453941107027,-0.03588946187509313,-0.09052194325734708,-0.06346762759161098,-0.12592669056002745,-0.11763185716620804,-0.13667133210431145,-0.024716687427795987,-0.03627313829001765,-0.03649283309094788,-0.5943443785130549,-0.0814380294813563,-0.05064339368897357,-0.16458538802473996,-0.09179550062495799,-0.12520553072758558,-0.14387496894927115,-0.5497515455396116,-0.05991864480908577,0.013640790140073411,,,,,
number_of_reviews_ly,-0.23356584814798287,,-0.09007814868648342,-0.17124618681327536,-0.15406416098142872,-0.054778908913750535,0.03926330361559364,-0.15259923759042515,-0.1573098479537858,-0.14453938791328086,-0.1092090321404554,-0.10382208726259189,-0.1079034185584568,-0.11058666473428522,-0.11595726551692523,0.28424835665373027,0.043316451449299055,-0.11151332098696959,0.040714865487462934,,-0.1457769716703439,-0.09352904805667689,-0.05147907542733792,0.011639570672771916,0.7751458395319559,0.8855355921721726,0.6007131094621979,-0.047470423898314476,1.0,0.7630621913578565,0.3698031396919106,0.11056246892376967,0.1172371503670759,0.09637159291817225,0.10923561521346013,0.1351614493569963,0.025780155268908728,0.13172077543500768,-0.2510441634336623,-0.24592285870305028,-0.07437459460986132,0.055368289414062445,0.7997245140706252,-0.08066001928767993,-0.21101245842873692,-0.05469977938185278,-0.14831327205293182,0.6897197524507985,-0.16606796470726795,-0.11584798495635246,-0.08066001928768021,-0.23374325845230434,-0.21101245842873564,0.7751458395319575,0.6722447721031053,0.799724514070636,-0.011639570672770706,0.7630621913578574,0.5159687699715548,-0.059583888561490606,0.3698031396919106,-0.042512488491563465,-0.04893731700486165,-0.1002443861041157,-0.2510441634336623,-0.15091314790229693,,,,,
estimated_occupancy_l365d,-0.14425973232048506,,-0.08398386854085702,-0.2233887884418313,-0.20248469145384868,-0.0025421424054154003,-0.01221617385191107,-0.15808820077589084,-0.16499597316806885,-0.13772201682864438,-0.10564944326923602,-0.022351905828266617,-0.1437593883305394,-0.055489934843650966,-0.05325959945260283,0.30563894518812385,0.031131661557594732,-0.04488135287160818,0.03059117575810141,,-0.19218506401132687,-0.13306481378427668,-0.08640036981909288,0.0009147549208359296,0.6129365745332296,0.8448374681697004,0.6309054544223327,-0.0814380294813566,0.7630621913578565,1.0,0.5271294682630996,0.15320604703602958,0.1510696348547687,0.11871460001309656,0.14051300239032807,0.1733207123559584,0.03248914211953978,0.1774151706679394,-0.31620187799431143,-0.3096684644531845,-0.09218984756488341,0.029349377968816426,0.744328578451485,-0.10577881071992803,-0.26388830778817474,-0.07406187600394717,-0.20450596749286604,0.7031977652249128,-0.1763022953746861,-0.11444406473766801,-0.10577881071992902,-0.2859962475835332,-0.2638883077881752,0.6129365745332152,0.696156502422327,0.7443285784514886,-0.0009147549208349653,1.000000000000002,0.5709514760495003,-0.07963675928461554,0.5271294682630996,-0.05819450067731033,-0.0672668718426515,-0.11357843497240855,-0.31620187799431143,-0.2161153271418702,,,,,
estimated_revenue_l365d,-0.0919802905069188,,-0.06263921419223188,-0.10573072413628809,-0.04657516966612413,0.06290676999238855,-0.06739729113228365,0.13282057137634284,0.09418760184735576,0.127825035628687,0.13442855335150597,-0.025959844908146425,-0.04329867249990484,-0.051691682901534454,-0.04318570200841003,0.13118459989715484,0.0164304802298989,-0.04420946655996252,0.016256966190885586,,-0.12392060633600933,-0.10294648762335912,-0.0871207708306343,-0.01890733851279636,0.2665327701011749,0.4223209324536072,0.3071600604347387,-0.09179550062495799,0.3698031396919106,0.5271294682630996,1.0,0.13022658542385948,0.11042966592716083,0.11206059779946122,0.09629598124103499,0.1119905615210295,0.07016637332684171,0.10350243615399085,-0.13938071406157285,-0.13753089947745922,-0.049937166742752545,-0.009701162418099518,0.30601745131227764,0.10818818617646882,0.1785453931849696,0.12749810496464017,0.14397373630002047,0.38223656852331467,0.11073026956062204,0.11620664582684197,0.1081881861764671,0.16124521680254372,0.17854539318497256,0.26653277010117615,0.3826629347538583,0.3060174513122725,0.018907338512796246,0.5271294682630897,0.2747524461109767,0.0947014209405286,1.0,0.13039923702214476,0.10716047828763195,0.16163340945880114,-0.13938071406157285,-0.12267023144233921,,,,,
review_scores_rating,0.033063824118663224,,-0.011846471777398494,-0.06087922841964666,-0.06385486924277381,-0.028344002069955784,0.0322084658967852,0.056384761124558314,0.04818012910582741,0.06921461155232893,0.04747577053816083,-0.011780540980342473,-0.10251418397068114,-0.023860195781418514,-0.019643673812438343,0.04916159864975397,-0.02183760194571726,-0.019583431109176562,-0.02194748044369599,,-0.12723253438870216,-0.13005407814844822,-0.13088208450130312,-0.12478186222488463,0.07842507584713768,0.1303094649731513,0.11293295206893002,-0.13935713128997215,0.11056246892376967,0.15320604703602958,0.13022658542385948,1.0,0.7995815462006158,0.7423875784384674,0.5835878824053868,0.6947577900369166,0.5739581627498628,0.7940041373781971,-0.0941306605542826,-0.0893616168542174,-0.08301112551138864,-0.009573984553802107,0.13660453961556693,0.011537232917511565,0.11746931457251095,0.005463952309089141,0.09691795208591418,0.1111278022143456,0.06197145484746778,0.047487091721270344,0.011537232917511584,0.13430555437753017,0.1174693145725116,0.0784250758471386,0.11241812544627408,0.13660453961556723,0.12478186222488459,0.15320604703602994,0.06464488520355659,0.005314796814976683,0.1302265854238595,0.002365259709632931,0.0003512665300760272,0.17612359097017094,-0.0941306605542826,-0.12401847958978372,,,,,
review_scores_accuracy,-0.007432296515379793,,-0.043537007542910046,-0.0860638531630306,-0.09201969100933864,-0.03571934126739556,0.04794852678488884,0.020039416988434915,0.025034123023092332,0.04008579354003491,0.01892471944085571,-0.01733441519301888,-0.0648157807956009,-0.024584129407942044,-0.019465456470100236,0.05261415137685106,-0.020387264860753283,-0.01965447823338639,-0.02045934892788621,,-0.12681301921948732,-0.12663379170971123,-0.12004316176497344,-0.08582324289547147,0.10247842869734944,0.13275548127789846,0.11123793008921781,-0.12304316312339961,0.1172371503670759,0.1510696348547687,0.11042966592716083,0.7995815462006158,1.0,0.6658270467347485,0.5401692462387926,0.6400893732289878,0.5339325109163799,0.728724625343816,-0.08105014674041763,-0.07566402483697805,-0.08838277000045414,-0.008979781676206553,0.14220099438617304,-0.007981228774584584,0.07463710483179745,-0.002166309138888582,0.06933400264342474,0.14859704976699806,0.028139980382556502,0.022919254703875104,-0.007981228774584681,0.08687653785075752,0.07463710483179793,0.1024784286973492,0.14930514979470244,0.14220099438617312,0.0858232428954712,0.151069634854768,0.06113571734692484,-0.011241345407377522,0.1104296659271607,-0.003426676777885041,-0.007486154808905589,0.13052993266616322,-0.08105014674041763,-0.11421864056573032,,,,,
review_scores_cleanliness,0.04599884192855427,,0.0026262948410049327,-0.0313147532652788,-0.026678418679441193,-0.0334832469982772,0.030182651252470268,0.03834925760608135,0.038379380733598756,0.05365331475461868,0.024806995650372355,-0.03302309356741088,-0.08989108983610886,-0.04632652138352865,-0.03761962068854476,0.031132808390267965,-0.02046978008463335,-0.04430146010591187,-0.020602484964742523,,-0.11335616463159391,-0.11239824362640659,-0.11126683348103995,-0.10614794937166364,0.06949578183917055,0.11617549145915153,0.09911548431777224,-0.11624377550053723,0.09637159291817225,0.11871460001309656,0.11206059779946122,0.7423875784384674,0.6658270467347485,1.0,0.45682457641443225,0.524120627293183,0.4565698758390288,0.6671919863983907,-0.061000517696889245,-0.057580728511605284,-0.06715928484121098,-0.016346151028819242,0.12508281037172822,0.023598231644623477,0.1321315783271707,0.018482926887684936,0.12532728337639568,0.08541680663161966,0.04698717764027473,0.026813961057866088,0.02359823164462363,0.14581791877533948,0.1321315783271708,0.06949578183917095,0.08593723320895763,0.1250828103717293,0.10614794937166347,0.11871460001309579,0.05759518665429196,0.017105412532459112,0.11206059779946123,0.014616401671447102,0.013429217053202866,0.16298516678023517,-0.061000517696889245,-0.08970357908533151,,,,,
review_scores_checkin,-0.017497597076805874,,-0.0321526057527722,-0.09392523317066931,-0.0857062204551662,-0.017961161144191343,0.0248390684822193,0.01953747810575794,0.01148783695272133,0.03562205239726386,0.020526032551436233,-0.0067869943959465,-0.07188392409474502,-0.01596232413172201,-0.018109535799042068,0.06772756875938019,-0.019557849276339027,-0.01460193367283223,-0.01965778842294462,,-0.09228046645020618,-0.08689739781805197,-0.0811445888432107,-0.0695076511609388,0.102335965346184,0.11990550336089814,0.09876190299260477,-0.08635050240247973,0.10923561521346013,0.14051300239032807,0.09629598124103499,0.5835878824053868,0.5401692462387926,0.45682457641443225,1.0,0.5973970981989059,0.41942093551029835,0.5247022943340257,-0.1084057142024649,-0.10500097995757626,-0.05476456515107911,-0.001466630312680415,0.1260644517743527,-0.009461617439453503,0.03725277769631001,-0.008177691248242264,0.030515381745456628,0.1423235147921405,0.018846280718851985,0.018171434909176852,-0.009461617439453594,0.04918281948714534,0.037252777696310135,0.10233596534618626,0.1428971014368012,0.12606445177435413,0.06950765116093865,0.14051300239032716,0.05727016569437718,-0.00571944671343135,0.09629598124103503,-0.004590591269363663,-0.006443649466586704,0.08468254008775805,-0.1084057142024649,-0.09578681240611922,,,,,
review_scores_communication,0.008051211756798224,,-0.022269341935223293,-0.10463290424760739,-0.10950188070668652,-0.022623932269069242,0.026302125811546447,0.004436333565723484,-0.0026891615929385444,0.017375311459148318,0.004358559441944786,-0.0024025960265222613,-0.11826044236584751,-0.012468042990442822,-0.01502066474808397,0.08463382573282048,-0.029583279667621285,-0.009464347098955387,-0.029704065277377668,,-0.11738895101580278,-0.11183693343844114,-0.10601374221295,-0.09187903686587977,0.11527983623089183,0.14878243256827542,0.1225844393347052,-0.1100839779921317,0.1351614493569963,0.1733207123559584,0.1119905615210295,0.6947577900369166,0.6400893732289878,0.524120627293183,0.5973970981989059,1.0,0.4483051612778684,0.6171673121440023,-0.12662859266493826,-0.12294817690843804,-0.05320471584394753,-0.0012598542775008282,0.16164422121783673,-0.016008570603102026,0.026596360163056162,-0.011451863508265417,0.030191219840277336,0.1570415850273865,0.002048760435407464,0.0021194921924295213,-0.01600857060310227,0.03578419431318734,0.026596360163056457,0.11527983623089064,0.15814140826154535,0.16164422121783767,0.09187903686588009,0.173320712355957,0.06784325627801685,-0.016752781398904695,0.11199056152102954,-0.01266016579569168,-0.021173524323839833,0.09177122788792064,-0.12662859266493826,-0.11736721293910556,,,,,
review_scores_location,-0.010536909070663236,,-0.043820413249933535,-0.028838160976354582,-0.03584614735416024,0.04106679542158015,-0.030918664525546195,0.04380145108467624,0.01635606104932525,0.026509575483394145,0.03292967372911606,-0.04642584736635402,-0.013871447761068021,-0.05522390474258777,-0.036214050699959976,-0.012515390411296116,-0.022599566029149105,-0.049883942177724745,-0.022777033302488106,,-0.09006380483476939,-0.1009494718324198,-0.10297186034361053,-0.07463680859320751,0.014602546028731782,0.035613752126104445,0.03911859635515841,-0.10828871610340703,0.025780155268908728,0.03248914211953978,0.07016637332684171,0.5739581627498628,0.5339325109163799,0.4565698758390288,0.41942093551029835,0.4483051612778684,1.0,0.5340599884973329,0.004933452525988489,0.011456248817339894,-0.1295730418665153,-0.012176727784070711,0.02930428756872495,0.01714462893896643,0.15109065485784506,0.007689193057169413,0.13345513168174178,0.03331527273306752,0.06639811494003994,0.04312100937386364,0.017144628938966604,0.15847217059934626,0.1510906548578454,0.014602546028731789,0.0341552178200045,0.029304287568725208,0.07463680859320772,0.03248914211953981,0.011343811647513836,0.006286672400838434,0.07016637332684174,0.00012026745905504636,-0.0010972480982607458,0.15396838388570763,0.004933452525988489,-0.03316114221644374,,,,,
review_scores_value,0.04214717714792025,,0.0006669481794097213,-0.0711584264261429,-0.07833155609098022,-0.05664207337032488,0.05663241155068986,-0.011919635197093915,-0.022113588805754304,0.003614554096531135,-0.0070403855175259055,-0.008001105027561978,-0.12470754357339243,-0.020972599448927532,-0.02198144239743821,0.0889808340820804,-0.011895053909312696,-0.017248340162849617,-0.012006153573321179,,-0.13364486415193583,-0.130847851910783,-0.12897615798066542,-0.12639353699719766,0.11470707670446505,0.15459105216712687,0.13675849393123993,-0.1365713235404617,0.13172077543500768,0.1774151706679394,0.10350243615399085,0.7940041373781971,0.728724625343816,0.6671919863983907,0.5247022943340257,0.6171673121440023,0.5340599884973329,1.0,-0.14600593062591952,-0.14206866146018923,-0.06501220043054699,0.005093680269319064,0.17260446405480112,-0.020732536252959663,0.0021446904884861472,-0.01333304088371311,0.009258666205686435,0.1545335810629993,-0.00829846637594024,-0.00852617810477935,-0.02073253625295976,0.01507151657508221,0.002144690488486631,0.11470707670446413,0.1553098952290822,0.17260446405480165,0.1263935369971995,0.17741517066793883,0.07623795916120826,-0.01194670012247027,0.10350243615399085,-0.00947049304267007,-0.010166920898650733,0.10114035901419692,-0.14600593062591952,-0.1469298406362025,,,,,
calculated_host_listings_count,0.0768743316215511,,-0.04864623033015531,0.5882973690427391,0.4372680828306742,0.03615882864469563,-0.0012582236877208362,0.194782589754012,0.1815565525017679,0.12600794959848705,0.15236299632902886,-0.07577642607926348,0.20019966839078554,-0.0790875779687126,-0.048930866337205885,-0.31930143787495857,-0.00920197036609561,-0.08026530030635266,-0.009182270661374533,,-0.0369547108402039,-0.06765214238148573,-0.07187647806063902,0.08452541844044056,-0.24801206510538584,-0.26068622696257227,-0.2025013643335468,-0.05991864480908577,-0.2510441634336623,-0.31620187799431143,-0.13938071406157285,-0.0941306605542826,-0.08105014674041763,-0.061000517696889245,-0.1084057142024649,-0.12662859266493826,0.004933452525988489,-0.14600593062591952,1.0,0.9978182400434833,-8.212501743951693e-05,-0.024464368507500178,-0.30045666372072516,0.09367720175812431,0.27924509496251937,0.04531214574898682,0.20947059509597152,-0.304645337013365,0.19861058647598923,0.16553730818704548,0.09367720175812465,0.24823825420038834,0.27924509496251854,-0.24801206510538296,-0.30436945262312876,-0.3004566637207231,-0.08452541844044216,-0.3162018779943127,-0.13357948141025697,0.06442783396855906,-0.13938071406157287,0.03613210538896733,0.03921889346987674,0.14980358824905046,1.0,0.30942240351618744,,,,,
calculated_host_listings_count_entire_homes,0.07262090085657913,,-0.05775904359723976,0.5749547184020674,0.4172829773126441,0.035133962998409665,0.00013231009809393354,0.19529983903609371,0.17911724307614885,0.12741577007022764,0.15598174766697742,-0.07582506129152762,0.19818143003572847,-0.07941178386627608,-0.04862223821354874,-0.3183064169451696,-0.016606960024935186,-0.08023184080629141,-0.016571355228613763,,-0.03448466838728366,-0.06436760549734764,-0.06801488668639301,0.09120303258023968,-0.24280855378011237,-0.25561670652853663,-0.1981701914345539,-0.05625454130646882,-0.24592285870305028,-0.3096684644531845,-0.13753089947745922,-0.0893616168542174,-0.07566402483697805,-0.057580728511605284,-0.10500097995757626,-0.12294817690843804,0.011456248817339894,-0.14206866146018923,0.9978182400434833,1.0,-0.05433059512005843,-0.025924656001575678,-0.2970174183594015,0.06649867838325689,0.2650152606090549,0.02087790651897879,0.19071774774794034,-0.29451148809344446,0.20176869807881745,0.17145033746176855,0.0664986783832563,0.24196732584243488,0.26501526060905245,-0.24280855378011135,-0.29412394535903585,-0.29701741835940343,-0.09120303258024004,-0.30966846445318735,-0.13151089077358116,0.03876377820200934,-0.1375308994774592,0.01389155068842703,0.014399395545990581,0.1381555585397653,0.9978182400434834,0.3030351500085349,,,,,
calculated_host_listings_count_private_rooms,0.05322192995438634,,0.11440940054109469,0.06658297418705944,0.10791538618162913,-3.0378578412904104e-05,-0.005901957738440463,-0.043502047319515416,0.028971476069005197,-0.048910975195624894,-0.05660791105819283,0.015074034838634759,-0.024896173762588163,0.020359045721619465,0.007270490208666216,0.015000247738131084,0.14967608493978693,0.01473416118767998,0.14937500105063203,,-0.015295569262434085,-0.02357080956614855,-0.02888306880140874,-0.07567649771830849,-0.07614556329575937,-0.07084615501970858,-0.06153922793763745,-0.024746645291307885,-0.07437459460986132,-0.09218984756488341,-0.049937166742752545,-0.08301112551138864,-0.08838277000045414,-0.06715928484121098,-0.05476456515107911,-0.05320471584394753,-0.1295730418665153,-0.06501220043054699,-8.212501743951693e-05,-0.05433059512005843,1.0,0.007483830714748279,-0.06424239711892225,0.15160581959236255,0.09231831306967207,0.13509072196878935,0.16083525091984813,-0.14314824855685773,-0.08546654606926057,-0.07417218537293722,0.15160581959235975,0.0536462411183526,0.09231831306966977,-0.07614556329575885,-0.14455009780973602,-0.06424239711892266,0.07567649771830821,-0.09218984756488331,-0.029253740718031166,0.13291114125612988,-0.049937166742752545,0.11547260710219032,0.14197290143154942,0.10266202546932249,-8.212501743951693e-05,0.10015756439705459,,,,,
calculated_host_listings_count_shared_rooms,0.014688793405894943,,0.030837853903194944,-0.015119912610257082,-0.01343134999890162,-0.018858193329482357,0.02276189950244102,-0.028808989667368237,0.05598206894550082,0.03234487261418688,0.006378974703863793,-0.007920970946196856,-0.01326781122357053,-0.008046388550867246,-0.010792217662802004,-0.008618886646420621,-0.0010124099061461212,-0.009076083557615335,-0.0010100389059616692,,0.0346116390871251,0.034821810703349006,0.03584553037373974,0.03228259387362056,0.021125663836983218,0.06011981270485611,0.04097065250071623,0.03834029249654136,0.055368289414062445,0.029349377968816426,-0.009701162418099518,-0.009573984553802107,-0.008979781676206553,-0.016346151028819242,-0.001466630312680415,-0.0012598542775008282,-0.012176727784070711,0.005093680269319064,-0.024464368507500178,-0.025924656001575678,0.007483830714748279,1.0,0.0634577895506186,-0.007309468821922381,-0.051631025175196084,-0.004535683658925303,-0.027923934927640046,0.021439307655657026,-0.05433269270832727,-0.004255856132133572,-0.007309468821922382,-0.0538513017528742,-0.0516310251751961,0.021125663836982646,0.02106066939032157,0.06345778955061862,-0.03228259387362062,0.029349377968816433,0.02736576939786843,-0.005227795794711567,-0.009701162418099521,-0.003874640921770237,-0.004462603969871725,-0.06472062947558627,-0.024464368507500174,0.01818267149106261,,,,,
reviews_per_month,0.0918311106720309,,0.057581178004255475,-0.20280291021516667,-0.18245531986047225,-0.06394201539825506,0.04927696360442164,-0.1790399571987213,-0.21133643925891096,-0.18774566732288506,-0.14441192068471573,-0.11958829943318403,-0.2052756935756173,-0.13675322773263357,-0.14085601832240194,0.25786724080599877,0.044467465535658314,-0.13832404321105235,0.04143276285429786,,-0.1625792259292417,-0.09710848443297868,-0.04292306055388544,0.0005521662336022569,0.6921072684633764,0.8801562838277882,0.714332437015539,-0.03649283309094774,0.7997245140706252,0.744328578451485,0.30601745131227764,0.13660453961556693,0.14220099438617304,0.12508281037172822,0.1260644517743527,0.16164422121783673,0.02930428756872495,0.17260446405480112,-0.30045666372072516,-0.2970174183594015,-0.06424239711892225,0.0634577895506186,1.0,-0.0808744036041336,-0.24940704647555315,-0.04836409560398634,-0.15691718090940468,0.6517777962730859,-0.19764507870778358,-0.1637143491997268,-0.08087440360413427,-0.2712027346591631,-0.24940704647555048,0.692107268463368,0.6348261187218556,0.999999999999994,-0.000552166233602749,0.7443285784514814,0.486395253866346,-0.05291677994613698,0.3060174513122776,-0.0343396699257838,-0.03885654271979454,-0.12038262851558702,-0.30045666372072516,-0.1697455113416323,,,,,
price_clean,0.047926377392721646,,0.01499299019252179,0.22433002807271837,0.6099496137445838,0.015239506500879673,-0.019073616240648482,0.17541676554451652,0.13584518448265792,0.11877956550112666,0.03203910602050659,-0.032554718484850774,0.09998283268302198,-0.031688413488804815,-0.028748173247636732,-0.08282859358660859,-0.003780467969982959,-0.034747877743236975,-0.0037694903322244315,,-0.09349216952887493,-0.11079921099039652,-0.1247992339925903,-0.1510499831771243,-0.07800537646454048,-0.08794608647046516,-0.07229806188305199,-0.1259266905600281,-0.08066001928767993,-0.10577881071992803,0.10818818617646882,0.011537232917511565,-0.007981228774584584,0.023598231644623477,-0.009461617439453503,-0.016008570603102026,0.01714462893896643,-0.020732536252959663,0.09367720175812431,0.06649867838325689,0.15160581959236255,-0.007309468821922381,-0.0808744036041336,1.0,0.6080588755903266,0.8268937437680777,0.6399567824856677,-0.16095338355165104,0.12933277433414078,-0.05599921495854951,1.0000000000000049,0.2648796902066959,0.6080588755903276,-0.07800537646453998,-0.16317329933615446,-0.08087440360413403,0.15104998317712426,-0.10577881071992723,-0.03421925661252842,0.9234410924516716,0.10818818617646882,0.7524497240286453,0.8372347685148513,0.44129748948964176,0.09367720175812429,0.05766630961077174,,,,,
log_price,0.06733956206319329,,0.02036118521985263,0.24443176944421685,0.38815106273195266,0.1155490758910414,-0.09188290471218723,0.5650059052437579,0.4963566802203062,0.4762151351455391,0.4329390779909345,-0.06401638180505152,0.09393823853407932,-0.0646633924670645,-0.05382268826184115,-0.17112983662668552,-0.0061268064423000024,-0.06844929746178087,-0.006050231543319705,,-0.050067985787797364,-0.095015235214682,-0.12371964084323679,-0.07706512806305954,-0.21511267255796868,-0.2238322229978275,-0.19168387397665357,-0.13667133210431145,-0.21101245842873692,-0.26388830778817474,0.1785453931849696,0.11746931457251095,0.07463710483179745,0.1321315783271707,0.03725277769631001,0.026596360163056162,0.15109065485784506,0.0021446904884861472,0.27924509496251937,0.2650152606090549,0.09231831306967207,-0.051631025175196084,-0.24940704647555315,0.6080588755903266,1.0,0.4546430039232,0.8594329161398517,-0.3134326918875167,0.5323171212086346,0.3788809394024385,0.608058875590327,0.8753020390516503,0.9999999999999905,-0.21511267255796895,-0.3138903964722349,-0.24940704647555334,0.0770651280630599,-0.26388830778817085,-0.10935346986227591,0.49770746113841885,0.17854539318496956,0.3824451663087244,0.43898802781525476,0.667807090568655,0.2792450949625195,0.08936466815497653,,,,,
price_per_accommodates,0.03696710426373949,,0.019383823467326464,0.1876814022488838,0.4993202529100614,0.006316056081198142,-0.014946214471829792,0.0008821218113254361,0.001464418206731531,0.0016234997927009147,-0.05996096404538725,-0.023850513357225215,0.08549126853394752,-0.023766321190045268,-0.022455509296311925,-0.05500638897884137,-0.002667958990180235,-0.026214005229079344,-0.0026600980970130322,,-0.06667030558493349,-0.07963973588472442,-0.09025538149799445,-0.1231417374774103,-0.052492979486941115,-0.06065046992885145,-0.049199775118878575,-0.09044502815432202,-0.05469977938185278,-0.07406187600394717,0.12749810496464017,0.005463952309089141,-0.002166309138888582,0.018482926887684936,-0.008177691248242264,-0.011451863508265417,0.007689193057169413,-0.01333304088371311,0.04531214574898682,0.02087790651897879,0.13509072196878935,-0.004535683658925303,-0.04836409560398634,0.8268937437680777,0.4546430039232,1.0,0.5482078735017534,-0.11405070811647167,-0.01873512922996477,-0.11805108011180744,0.8268937437680698,0.18205122637674423,0.4546430039232003,-0.052492979486941226,-0.1158299141904148,-0.0483640956039865,0.12314173747740947,-0.07406187600394674,-0.02250892363211094,0.7686072036771497,0.12749810496464017,0.9308845711931023,0.8855133264273448,0.33057731672616686,0.04531214574898682,0.042538875047327444,,,,,
log_price_per_accommodates,0.038332235185184055,,0.004908246788117426,0.21323549994007585,0.38823087935009093,0.1297364373443621,-0.10177871346989074,0.1024949444236679,0.2098834496391387,0.14031987262348483,0.04778193665380052,-0.04176224553341533,0.07417345161531522,-0.047886127862470214,-0.04396984798293613,-0.13886201106280477,-0.007244492459054897,-0.05213882659077373,-0.007189088002019891,,-0.05452630779985376,-0.09041009708250942,-0.10803683685494175,-0.07362302333048938,-0.13514808232988043,-0.1640492972621096,-0.13300497632486927,-0.10730453941107027,-0.14831327205293182,-0.20450596749286604,0.14397373630002047,0.09691795208591418,0.06933400264342474,0.12532728337639568,0.030515381745456628,0.030191219840277336,0.13345513168174178,0.009258666205686435,0.20947059509597152,0.19071774774794034,0.16083525091984813,-0.027923934927640046,-0.15691718090940468,0.6399567824856677,0.8594329161398517,0.5482078735017534,1.0,-0.256411130152135,0.024695952567886186,-0.02824857222759274,0.6399567824856629,0.6809478285000555,0.8594329161398504,-0.13514808232988115,-0.2592987517228832,-0.1569171809094054,0.07362302333048888,-0.20450596749286468,-0.06157488297758276,0.5376777792407171,0.1439737363000204,0.46432130418549616,0.517440287500996,0.5684193554520788,0.20947059509597157,0.07545786446127002,,,,,
log_reviews,-0.5405719215421767,,-0.2761815736149555,-0.29922450007948903,-0.275368567053635,-0.054275088838065054,0.0497094313678331,-0.1895419887192475,-0.18689829058647217,-0.1593897307289326,-0.11894891737874574,-0.1344948200913315,0.00045344407821440734,-0.1455849599169036,-0.14047874633462584,0.3366557104765016,0.01695568455649403,-0.14230602009850968,0.016444262265263496,,-0.13136137001628662,-0.08433291799828796,-0.040821241170248566,0.06002103922608991,0.7162346746335558,0.6672738046474426,0.47845328810396676,-0.03588946187509313,0.6897197524507985,0.7031977652249128,0.38223656852331467,0.1111278022143456,0.14859704976699806,0.08541680663161966,0.1423235147921405,0.1570415850273865,0.03331527273306752,0.1545335810629993,-0.304645337013365,-0.29451148809344446,-0.14314824855685773,0.021439307655657026,0.6517777962730859,-0.16095338355165104,-0.3134326918875167,-0.11405070811647167,-0.256411130152135,1.0,-0.18765293127741506,-0.11035834110007209,-0.16095338355165123,-0.3097951191528537,-0.31343269188750855,0.716234674633555,0.998253787802161,0.6517777962730956,-0.060021039226086606,0.7031977652249187,0.28958580259062483,-0.12599298183170676,0.38223656852331467,-0.09226498613021421,-0.1080738150453575,-0.1686427746624863,-0.30464533701336505,-0.18444735400897955,,,,,
log_accommodates,0.06759930078154623,,0.029873887913817912,0.12508686560823895,0.1165634933730477,0.009569170818112508,-0.009588583307200395,0.9351811218391047,0.6225449807465648,0.7000407779952951,0.767879439373225,-0.054953419755021785,0.06142295341070527,-0.045330194438619346,-0.03142315895213952,-0.10487699323135694,9.577254149121446e-05,-0.045827325244724694,0.0001530292971697183,,-0.008546898166408466,-0.037107328229936946,-0.06418462075520172,-0.028579338714283767,-0.1966074282466878,-0.16395917960483433,-0.15162838699379483,-0.09052194325734708,-0.16606796470726795,-0.1763022953746861,0.11073026956062204,0.06197145484746778,0.028139980382556502,0.04698717764027473,0.018846280718851985,0.002048760435407464,0.06639811494003994,-0.00829846637594024,0.19861058647598923,0.20176869807881745,-0.08546654606926057,-0.05433269270832727,-0.19764507870778358,0.12933277433414078,0.5323171212086346,-0.01873512922996477,0.024695952567886186,-0.18765293127741506,1.0,0.7882249165993815,0.12933277433414114,0.5840253070864544,0.5323171212086363,-0.19660742824668734,-0.18379310699127802,-0.19764507870778728,0.028579338714282886,-0.17630229537468464,-0.11140696575400967,0.08290921491658498,0.11073026956062205,-0.021008113376783003,-0.007886346114803907,0.36569893800034486,0.1986105864759892,0.048904982387563675,,,,,
log_beds,0.03229957641408305,,0.003904792990761809,0.06086904774437705,-0.045590038064759,-0.0075021771743892275,0.002556048025081796,0.7833867267055936,0.6076001672203579,0.677922004386215,0.9388284593510717,-0.03635756732339344,0.04975707196321929,-0.030058124920410295,-0.01445827650310347,-0.062238234281970006,0.0029910347007635276,-0.02765473241727382,0.003124520302096208,,-0.0008781814925553761,-0.02234749103386214,-0.040359364516302856,0.009133625892545365,-0.1382918459783202,-0.11780171302778565,-0.11453454396379593,-0.06346762759161098,-0.11584798495635246,-0.11444406473766801,0.11620664582684197,0.047487091721270344,0.022919254703875104,0.026813961057866088,0.018171434909176852,0.0021194921924295213,0.04312100937386364,-0.00852617810477935,0.16553730818704548,0.17145033746176855,-0.07417218537293722,-0.004255856132133572,-0.1637143491997268,-0.05599921495854951,0.3788809394024385,-0.11805108011180744,-0.02824857222759274,-0.11035834110007209,0.7882249165993815,1.0,-0.05599921495855015,0.4718882136551136,0.3788809394024392,-0.1382918459783195,-0.10691708919653935,-0.16371434919972527,-0.009133625892545114,-0.11444406473766823,-0.08211154441612646,-0.0860666980967442,0.11620664582684197,-0.10794164551761774,-0.14194423963332642,0.2619900001419912,0.1655373081870455,0.02694921318189163,,,,,
price_zscore,0.04792637739272131,,0.01499299019252176,0.22433002807271885,0.6099496137445847,0.015239506500879678,-0.019073616240648333,0.1754167655445164,0.1358451844826571,0.11877956550112724,0.03203910602050666,-0.03255471848485076,0.09998283268302105,-0.031688413488804676,-0.028748173247636753,-0.082828593586608,-0.0037804679699829417,-0.03474787774323697,-0.003769490332224391,,-0.09349216952887475,-0.11079921099039539,-0.12479923399259141,-0.15104998317712418,-0.07800537646453964,-0.08794608647046581,-0.07229806188305118,-0.12592669056002745,-0.08066001928768021,-0.10577881071992902,0.1081881861764671,0.011537232917511584,-0.007981228774584681,0.02359823164462363,-0.009461617439453594,-0.01600857060310227,0.017144628938966604,-0.02073253625295976,0.09367720175812465,0.0664986783832563,0.15160581959235975,-0.007309468821922382,-0.08087440360413427,1.0000000000000049,0.608058875590327,0.8268937437680698,0.6399567824856629,-0.16095338355165123,0.12933277433414114,-0.05599921495855015,1.0,0.2648796902066944,0.6080588755903248,-0.07800537646453982,-0.16317329933615515,-0.0808744036041339,0.15104998317712456,-0.10577881071992708,-0.03421925661252796,0.9234410924516545,0.10818818617646711,0.7524497240286442,0.8372347685148508,0.4412974894896439,0.09367720175812465,0.05766630961077177,,,,,
price_percentile,0.04673928460213861,,0.02688850594914414,0.2049772827194313,0.2208842255352777,0.15947887829757776,-0.13708065653664522,0.5685247017711575,0.4944268054287855,0.4957056732411861,0.4727104866560072,-0.058936953039759134,0.07424826754192025,-0.06166973957785143,-0.052903852610241366,-0.17605082053286286,-0.003709827569962101,-0.06596082198131427,-0.0035687133011613323,,-0.013423827430254961,-0.06760460110868245,-0.09867898443455526,-0.04148025348995215,-0.24442071110491365,-0.2480535084755054,-0.2191937928518873,-0.11763185716620804,-0.23374325845230434,-0.2859962475835332,0.16124521680254372,0.13430555437753017,0.08687653785075752,0.14581791877533948,0.04918281948714534,0.03578419431318734,0.15847217059934626,0.01507151657508221,0.24823825420038834,0.24196732584243488,0.0536462411183526,-0.0538513017528742,-0.2712027346591631,0.2648796902066959,0.8753020390516503,0.18205122637674423,0.6809478285000555,-0.3097951191528537,0.5840253070864544,0.4718882136551136,0.2648796902066944,1.0,0.8753020390516473,-0.24442071110491462,-0.3080061423469105,-0.2712027346591623,0.04148025348995162,-0.28599624758353315,-0.12790340952705437,0.19307588914312668,0.16124521680254372,0.14064745183258118,0.15930316838352182,0.5781910262815623,0.24823825420038828,0.08111512803082792,,,,,
log_price_zscore,0.06733956206318262,,0.020361185219846617,0.24443176944421263,0.38815106273195416,0.1155490758910414,-0.09188290471218614,0.5650059052437634,0.49635668022030827,0.47621513514553654,0.43293907799093434,-0.06401638180505165,0.09393823853408206,-0.06466339246706355,-0.0538226882618401,-0.17112983662668554,-0.006126806442300326,-0.06844929746178094,-0.006050231543319456,,-0.05006798578779735,-0.09501523521468198,-0.12371964084323621,-0.07706512806305887,-0.21511267255796318,-0.22383222299782768,-0.19168387397665218,-0.13667133210431145,-0.21101245842873564,-0.2638883077881752,0.17854539318497256,0.1174693145725116,0.07463710483179793,0.1321315783271708,0.037252777696310135,0.026596360163056457,0.1510906548578454,0.002144690488486631,0.27924509496251854,0.26501526060905245,0.09231831306966977,-0.0516310251751961,-0.24940704647555048,0.6080588755903276,0.9999999999999905,0.4546430039232003,0.8594329161398504,-0.31343269188750855,0.5323171212086363,0.3788809394024392,0.6080588755903248,0.8753020390516473,1.0,-0.2151126725579625,-0.313890396472226,-0.24940704647554937,0.07706512806305858,-0.263888307788174,-0.10935346986227418,0.49770746113841724,0.17854539318497256,0.38244516630872244,0.43898802781524976,0.6678070905686558,0.2792450949625185,0.08936466815497508,,,,,
reviews_zscore,-0.3916443892522144,,-0.19389641199903382,-0.17192197910088106,-0.1542599432532579,-0.08213148877592767,0.07896524762700766,-0.17722810899952549,-0.1623574217825192,-0.14879451426202525,-0.12916575360402904,-0.07355685400485001,-0.05916946817650776,-0.08000580594511082,-0.08833909480921497,0.30791375409940014,0.017281579685181077,-0.08105287839906011,0.015885966490700967,,-0.10334524724513192,-0.06159908789470996,-0.027272489364561718,0.021172451276180154,1.0000000000000109,0.7074581711229057,0.49742873005221644,-0.024716687427795987,0.7751458395319575,0.6129365745332152,0.26653277010117615,0.0784250758471386,0.1024784286973492,0.06949578183917095,0.10233596534618626,0.11527983623089064,0.014602546028731789,0.11470707670446413,-0.24801206510538296,-0.24280855378011135,-0.07614556329575885,0.021125663836982646,0.692107268463368,-0.07800537646453998,-0.21511267255796895,-0.052492979486941226,-0.13514808232988115,0.716234674633555,-0.19660742824668734,-0.1382918459783195,-0.07800537646453982,-0.24442071110491462,-0.2151126725579625,1.0,0.6812844541523279,0.6921072684633811,-0.021172451276178075,0.6129365745332305,0.41424390084084417,-0.05809234502364987,0.2665327701011762,-0.041625669008723554,-0.048781283473065186,-0.11421134524784544,-0.24801206510538296,-0.16688584405621149,,,,,
reviews_percentile,-0.5401213194067038,,-0.27567242523186514,-0.30256877746213356,-0.2785041087625831,-0.05098060516376719,0.04652596471626707,-0.18718992447567742,-0.18540072488532933,-0.15760087265176845,-0.11663570610382275,-0.13628105883524472,0.0028851263673467286,-0.1474461722901419,-0.14169585343799188,0.3339212412811823,0.01650651771046688,-0.14400400635446972,0.01609370966429712,,-0.13073485764151926,-0.0842730910640908,-0.04107395172358593,0.05982098879312625,0.681284454152326,0.6510760619870885,0.4667636714433735,-0.03627313829001765,0.6722447721031053,0.696156502422327,0.3826629347538583,0.11241812544627408,0.14930514979470244,0.08593723320895763,0.1428971014368012,0.15814140826154535,0.0341552178200045,0.1553098952290822,-0.30436945262312876,-0.29412394535903585,-0.14455009780973602,0.02106066939032157,0.6348261187218556,-0.16317329933615446,-0.3138903964722349,-0.1158299141904148,-0.2592987517228832,0.998253787802161,-0.18379310699127802,-0.10691708919653935,-0.16317329933615515,-0.3080061423469105,-0.313890396472226,0.6812844541523279,1.0,0.6348261187218555,-0.05982098879312392,0.696156502422329,0.27405568122846763,-0.1278026350335902,0.38266293475385826,-0.09365067232867255,-0.10955736835372597,-0.16820136428118485,-0.30436945262312876,-0.18343634339139486,,,,,
reviews_per_month_zscore,0.09183111067202793,,0.057581178004253865,-0.2028029102151695,-0.18245531986046976,-0.06394201539825525,0.049276963604422054,-0.17903995719872084,-0.21133643925891474,-0.18774566732288547,-0.14441192068471478,-0.11958829943318418,-0.2052756935756176,-0.13675322773263376,-0.14085601832240152,0.25786724080599865,0.04446746553565803,-0.13832404321105235,0.041432762854297284,,-0.16257922592924148,-0.09710848443297855,-0.04292306055388575,0.0005521662336022913,0.6921072684633749,0.8801562838277813,0.7143324370155438,-0.03649283309094788,0.799724514070636,0.7443285784514886,0.3060174513122725,0.13660453961556723,0.14220099438617312,0.1250828103717293,0.12606445177435413,0.16164422121783767,0.029304287568725208,0.17260446405480165,-0.3004566637207231,-0.29701741835940343,-0.06424239711892266,0.06345778955061862,0.999999999999994,-0.08087440360413403,-0.24940704647555334,-0.0483640956039865,-0.1569171809094054,0.6517777962730956,-0.19764507870778728,-0.16371434919972527,-0.0808744036041339,-0.2712027346591623,-0.24940704647554937,0.6921072684633811,0.6348261187218555,1.0,-0.0005521662336028095,0.7443285784514933,0.48639525386634785,-0.05291677994613661,0.3060174513122725,-0.03433966992578376,-0.038856542719794634,-0.12038262851558608,-0.3004566637207231,-0.16974551134163213,,,,,
occupancy_rate,0.029468735455197105,,0.0392890061536223,0.01211251913899815,0.07945774109990857,0.018124452141457078,-0.046902663489918076,0.024745882621834678,-0.007039405926889879,-0.016260144793561106,-0.004962114840844696,-0.09462138164728452,-0.1130790548209158,-0.10164568594669032,-0.09186909441605191,0.003422095564568634,-0.003110754443885216,-0.09935885376598841,-0.00277451368801462,,-0.3901112553567853,-0.4681287638644899,-0.5481229439933591,-1.0000000000000058,-0.02117245127617856,-0.007104125696898744,0.004002610251373086,-0.5943443785130549,-0.011639570672770706,-0.0009147549208349653,0.018907338512796246,0.12478186222488459,0.0858232428954712,0.10614794937166347,0.06950765116093865,0.09187903686588009,0.07463680859320772,0.1263935369971995,-0.08452541844044216,-0.09120303258024004,0.07567649771830821,-0.03228259387362062,-0.000552166233602749,0.15104998317712426,0.0770651280630599,0.12314173747740947,0.07362302333048888,-0.060021039226086606,0.028579338714282886,-0.009133625892545114,0.15104998317712456,0.04148025348995162,0.07706512806305858,-0.021172451276178075,-0.05982098879312392,-0.0005521662336028095,1.0,-0.0009147549208349708,0.014458547592595667,0.20965749602819647,0.018907338512796246,0.16846381096862684,0.19646520503037113,0.6543145702206848,-0.08452541844044217,-0.030797317804466498,,,,,
occupancy_rate_booked,-0.14425973232048894,,-0.08398386854085871,-0.22338878844182863,-0.20248469145384862,-0.002542142405415644,-0.01221617385191054,-0.158088200775891,-0.1649959731680711,-0.13772201682864574,-0.10564944326923544,-0.02235190582826684,-0.14375938833054003,-0.05548993484365129,-0.05325959945260315,0.30563894518812995,0.031131661557594968,-0.044881352871608375,0.030591175758101635,,-0.19218506401132593,-0.13306481378427656,-0.08640036981909202,0.0009147549208360908,0.6129365745332391,0.8448374681697041,0.6309054544223344,-0.0814380294813563,0.7630621913578574,1.000000000000002,0.5271294682630897,0.15320604703602994,0.151069634854768,0.11871460001309579,0.14051300239032716,0.173320712355957,0.03248914211953981,0.17741517066793883,-0.3162018779943127,-0.30966846445318735,-0.09218984756488331,0.029349377968816433,0.7443285784514814,-0.10577881071992723,-0.26388830778817085,-0.07406187600394674,-0.20450596749286468,0.7031977652249187,-0.17630229537468464,-0.11444406473766823,-0.10577881071992708,-0.28599624758353315,-0.263888307788174,0.6129365745332305,0.696156502422329,0.7443285784514933,-0.0009147549208349708,1.0,0.5709514760495092,-0.07963675928461507,0.5271294682630898,-0.058194500677309274,-0.0672668718426511,-0.11357843497240937,-0.31620187799431265,-0.216115327141872,,,,,
occupancy_is_capped,-0.058165413471271,,-0.01888129028279625,-0.07550841767157473,-0.06842076815794841,-0.0256753277522872,0.017179276479607316,-0.09175324235743025,-0.08480241308371436,-0.07382462797345411,-0.06934922679015997,0.050734737062171346,-0.07928626489421955,0.008802619070616798,0.017235397824499572,0.1443785838087388,0.033878676287496495,0.023965057664470674,0.032677014723071336,,-0.0954742429595394,-0.07326983772770809,-0.05453140249649285,-0.014458547592595298,0.4142439008408413,0.5656521456833256,0.43226431171079716,-0.05064339368897357,0.5159687699715548,0.5709514760495003,0.2747524461109767,0.06464488520355659,0.06113571734692484,0.05759518665429196,0.05727016569437718,0.06784325627801685,0.011343811647513836,0.07623795916120826,-0.13357948141025697,-0.13151089077358116,-0.029253740718031166,0.02736576939786843,0.486395253866346,-0.03421925661252842,-0.10935346986227591,-0.02250892363211094,-0.06157488297758276,0.28958580259062483,-0.11140696575400967,-0.08211154441612646,-0.03421925661252796,-0.12790340952705437,-0.10935346986227418,0.41424390084084417,0.27405568122846763,0.48639525386634785,0.014458547592595667,0.5709514760495092,1.0,-0.024734929379699525,0.27475244611097677,-0.01740050828453961,-0.02001616998215437,-0.04323781841535503,-0.133579481410257,-0.09635324364202147,,,,,
est_annual_revenue,0.034927965995985355,,-0.0021512153851271122,0.2150332369586578,0.623610401672949,-0.00024542910171913254,-0.01002167488224955,0.11693873756314159,0.07682344184288485,0.06754450329034532,-0.013115916611818967,-0.028920369301136596,0.09682876960027295,-0.028408308659870887,-0.026219424969358956,-0.0601457851184893,-0.0028280946889626827,-0.0312963906113183,-0.0028164266806999763,,-0.12033811395039165,-0.14216044238259953,-0.16055571725650294,-0.20965749602819558,-0.05809234502365007,-0.06594962737025911,-0.05405858491837111,-0.16458538802473996,-0.059583888561490606,-0.07963675928461554,0.0947014209405286,0.005314796814976683,-0.011241345407377522,0.017105412532459112,-0.00571944671343135,-0.016752781398904695,0.006286672400838434,-0.01194670012247027,0.06442783396855906,0.03876377820200934,0.13291114125612988,-0.005227795794711567,-0.05291677994613698,0.9234410924516716,0.49770746113841885,0.7686072036771497,0.5376777792407171,-0.12599298183170676,0.08290921491658498,-0.0860666980967442,0.9234410924516545,0.19307588914312668,0.49770746113841724,-0.05809234502364987,-0.1278026350335902,-0.05291677994613661,0.20965749602819647,-0.07963675928461507,-0.024734929379699525,1.0,0.09470142094052858,0.8200270084832609,0.9052904674443986,0.4056172254826296,0.06442783396855907,0.04561916332092173,,,,,
est_annual_revenue_booked,-0.0919802905069188,,-0.06263921419223188,-0.10573072413628809,-0.04657516966612413,0.06290676999238855,-0.06739729113228365,0.13282057137634284,0.09418760184735576,0.127825035628687,0.13442855335150597,-0.025959844908146425,-0.04329867249990484,-0.051691682901534454,-0.04318570200841003,0.13118459989715484,0.0164304802298989,-0.04420946655996252,0.016256966190885586,,-0.12392060633600933,-0.10294648762335912,-0.0871207708306343,-0.01890733851279636,0.2665327701011749,0.4223209324536072,0.3071600604347387,-0.09179550062495799,0.3698031396919106,0.5271294682630996,1.0,0.1302265854238595,0.1104296659271607,0.11206059779946123,0.09629598124103503,0.11199056152102954,0.07016637332684174,0.10350243615399085,-0.13938071406157287,-0.1375308994774592,-0.049937166742752545,-0.009701162418099521,0.3060174513122776,0.10818818617646882,0.17854539318496956,0.12749810496464017,0.1439737363000204,0.38223656852331467,0.11073026956062205,0.11620664582684197,0.10818818617646711,0.16124521680254372,0.17854539318497256,0.2665327701011762,0.38266293475385826,0.3060174513122725,0.018907338512796246,0.5271294682630898,0.27475244611097677,0.09470142094052858,1.0,0.13039923702214476,0.10716047828763195,0.16163340945880114,-0.13938071406157285,-0.12267023144233921,,,,,
revenue_per_accommodates,0.028810898467313172,,0.0036820599811352695,0.17814520955117033,0.5048294088878864,-0.006698311156989579,-0.005564824302027985,-0.004095772014978343,-0.007375964950229595,-0.00458343967228407,-0.05892396059136341,-0.022140985838969857,0.07984883313796894,-0.021924556450727134,-0.020507825017489135,-0.04138103019408135,-0.0021263358371135443,-0.02419853216799414,-0.002117390167955903,,-0.09077414982219742,-0.10752265706955418,-0.12200546310662509,-0.1684638109686267,-0.04162566900872287,-0.04776620988156936,-0.03883906526680153,-0.12520553072758558,-0.042512488491563465,-0.05819450067731033,0.13039923702214476,0.002365259709632931,-0.003426676777885041,0.014616401671447102,-0.004590591269363663,-0.01266016579569168,0.00012026745905504636,-0.00947049304267007,0.03613210538896733,0.01389155068842703,0.11547260710219032,-0.003874640921770237,-0.0343396699257838,0.7524497240286453,0.3824451663087244,0.9308845711931023,0.46432130418549616,-0.09226498613021421,-0.021008113376783003,-0.10794164551761774,0.7524497240286442,0.14064745183258118,0.38244516630872244,-0.041625669008723554,-0.09365067232867255,-0.03433966992578376,0.16846381096862684,-0.058194500677309274,-0.01740050828453961,0.8200270084832609,0.13039923702214476,1.0,0.9421667841046892,0.31352440868646403,0.03613210538896733,0.03428459930103103,,,,,
revenue_per_bedroom,0.033204787089822746,,0.0027356602210406203,0.21294656384759286,0.5881537154685019,-0.001384424190350168,-0.01133245498819749,0.007853414849647113,-0.015448870502243391,-0.022024985298453585,-0.07695492512144848,-0.026557698682415875,0.09031995017062192,-0.026290063648693556,-0.024985344453116915,-0.05152965707922894,-0.0025922594199562464,-0.029158614427177928,-0.002581779655857254,,-0.10626470650178306,-0.12458345556507933,-0.1405416932995074,-0.19646520503036993,-0.04878128347306446,-0.0547964818758183,-0.044219323842398295,-0.14387496894927115,-0.04893731700486165,-0.0672668718426515,0.10716047828763195,0.0003512665300760272,-0.007486154808905589,0.013429217053202866,-0.006443649466586704,-0.021173524323839833,-0.0010972480982607458,-0.010166920898650733,0.03921889346987674,0.014399395545990581,0.14197290143154942,-0.004462603969871725,-0.03885654271979454,0.8372347685148513,0.43898802781525476,0.8855133264273448,0.517440287500996,-0.1080738150453575,-0.007886346114803907,-0.14194423963332642,0.8372347685148508,0.15930316838352182,0.43898802781524976,-0.048781283473065186,-0.10955736835372597,-0.038856542719794634,0.19646520503037113,-0.0672668718426511,-0.02001616998215437,0.9052904674443986,0.10716047828763195,0.9421667841046892,1.0,0.3599130596182115,0.03921889346987673,0.041634242734395685,,,,,
log_est_revenue,0.04510995869751347,,0.021989096014940254,0.16961434309190218,0.276956320834139,0.08126007314066253,-0.08068912669342176,0.38319553903124826,0.3221763963985148,0.3009263828965653,0.29283776196258404,-0.15364027189870552,0.028149772186468008,-0.16479758523115215,-0.13684414160044228,-0.09227735756679757,-0.006637288276336952,-0.16140537264347143,-0.006303375081495904,,-0.37495043153336,-0.4515086185109067,-0.5090619445491622,-0.6543145702206932,-0.1142113452478445,-0.10255809353783943,-0.0815791283628295,-0.5497515455396116,-0.1002443861041157,-0.11357843497240855,0.16163340945880114,0.17612359097017094,0.13052993266616322,0.16298516678023517,0.08468254008775805,0.09177122788792064,0.15396838388570763,0.10114035901419692,0.14980358824905046,0.1381555585397653,0.10266202546932249,-0.06472062947558627,-0.12038262851558702,0.44129748948964176,0.667807090568655,0.33057731672616686,0.5684193554520788,-0.1686427746624863,0.36569893800034486,0.2619900001419912,0.4412974894896439,0.5781910262815623,0.6678070905686558,-0.11421134524784544,-0.16820136428118485,-0.12038262851558608,0.6543145702206848,-0.11357843497240937,-0.04323781841535503,0.4056172254826296,0.16163340945880114,0.31352440868646403,0.3599130596182115,1.0,0.14980358824905043,0.03551392392900513,,,,,
host_listings_in_city,0.0768743316215511,,-0.04864623033015531,0.5882973690427391,0.4372680828306742,0.03615882864469563,-0.0012582236877208362,0.194782589754012,0.1815565525017679,0.12600794959848705,0.15236299632902886,-0.07577642607926348,0.20019966839078554,-0.0790875779687126,-0.048930866337205885,-0.31930143787495857,-0.00920197036609561,-0.08026530030635266,-0.009182270661374533,,-0.0369547108402039,-0.06765214238148573,-0.07187647806063902,0.08452541844044056,-0.24801206510538584,-0.26068622696257227,-0.2025013643335468,-0.05991864480908577,-0.2510441634336623,-0.31620187799431143,-0.13938071406157285,-0.0941306605542826,-0.08105014674041763,-0.061000517696889245,-0.1084057142024649,-0.12662859266493826,0.004933452525988489,-0.14600593062591952,1.0,0.9978182400434834,-8.212501743951693e-05,-0.024464368507500174,-0.30045666372072516,0.09367720175812429,0.2792450949625195,0.04531214574898682,0.20947059509597157,-0.30464533701336505,0.1986105864759892,0.1655373081870455,0.09367720175812465,0.24823825420038828,0.2792450949625185,-0.24801206510538296,-0.30436945262312876,-0.3004566637207231,-0.08452541844044217,-0.31620187799431265,-0.133579481410257,0.06442783396855907,-0.13938071406157285,0.03613210538896733,0.03921889346987673,0.14980358824905043,1.0,0.30942240351618744,,,,,
host_is_professional,0.06611810607572595,,-0.023302247849780074,0.18078579349346066,0.1594926715990656,0.08912052292433151,-0.08686805958077991,0.04216345543938188,0.029565283367135,-0.014074261382163963,0.021452109252591646,-0.13727076476591124,0.16216955072935033,-0.13524245418340097,-0.11199180150750797,-0.18615407784997096,0.011667510453301236,-0.13600620584153755,0.011640383281089241,,0.011036702042924932,0.003991631715854942,0.001317250306762258,0.030797317804466467,-0.16688584405621074,-0.1536257444763259,-0.11648600433295796,0.013640790140073411,-0.15091314790229693,-0.2161153271418702,-0.12267023144233921,-0.12401847958978372,-0.11421864056573032,-0.08970357908533151,-0.09578681240611922,-0.11736721293910556,-0.03316114221644374,-0.1469298406362025,0.30942240351618744,0.3030351500085349,0.10015756439705459,0.01818267149106261,-0.1697455113416323,0.05766630961077174,0.08936466815497653,0.042538875047327444,0.07545786446127002,-0.18444735400897955,0.048904982387563675,0.02694921318189163,0.05766630961077177,0.08111512803082792,0.08936466815497508,-0.16688584405621149,-0.18343634339139486,-0.16974551134163213,-0.030797317804466498,-0.216115327141872,-0.09635324364202147,0.04561916332092173,-0.12267023144233921,0.03428459930103103,0.041634242734395685,0.03551392392900513,0.30942240351618744,1.0,,,,,
pct_professional_hosts,,,,,,,,,,,,,,,,,,,,,,,,,,,,,,,,,,,,,,,,,,,,,,,,,,,,,,,,,,,,,,,,,,,,,,,
pct_large_operators,,,,,,,,,,,,,,,,,,,,,,,,,,,,,,,,,,,,,,,,,,,,,,,,,,,,,,,,,,,,,,,,,,,,,,,
median_host_listings,,,,,,,,,,,,,,,,,,,,,,,,,,,,,,,,,,,,,,,,,,,,,,,,,,,,,,,,,,,,,,,,,,,,,,,
gini_host_concentration,,,,,,,,,,,,,,,,,,,,,,,,,,,,,,,,,,,,,,,,,,,,,,,,,,,,,,,,,,,,,,,,,,,,,,,
market_professionalization_score,,,,,,,,,,,,,,,,,,,,,,,,,,,,,,,,,,,,,,,,,,,,,,,,,,,,,,,,,,,,,,,,,,,,,,,
